participant_id	P
sub-001	1
sub-002	2
sub-003	3
sub-004	4
sub-005	5
sub-006	6
sub-007	7
sub-008	8
sub-009	9
sub-010	10
sub-011	11
sub-012	12
sub-013	13
sub-014	14
sub-015	15
sub-016	16
sub-017	17
sub-018	18
sub-019	19
sub-020	20
sub-021	21
sub-022	22
sub-023	23
sub-024	24
sub-025	25
sub-026	26
sub-027	27
sub-028	28
sub-029	29
sub-030	30
sub-031	31
sub-032	32
sub-033	33
sub-034	34
sub-035	35
sub-036	36
sub-037	37
sub-038	38
sub-039	39
sub-040	40
sub-041	41
sub-042	42
sub-043	43
sub-044	44
sub-045	45
sub-046	46
sub-047	47
sub-048	48
sub-049	49
