idx	VP	resource	condition	blockNo	trial	task	stimulus	value	key	response	stim_pres_ms	response_ms
56190	27	mix	VgRk	2	1	A	V  L	true	true	true	16	1041
56191	27	mix	VgRk	2	2	B	images/39_50_R_k.jpg	true	true	true	16	1737
56192	27	mix	VgRk	2	3	B	images/25_50_k.jpg	false	false	true	1740	2498
56193	27	mix	VgRk	2	4	A	P  W	false	false	true	1044	3161
56194	27	mix	VgRk	2	5	A	L  V	true	true	true	3168	4298
56195	27	mix	VgRk	2	6	A	V  L	true	true	true	4302	5057
56196	27	mix	VgRk	2	7	A	L  V	true	true	true	5060	5713
56197	27	mix	VgRk	2	8	A	C  V	false	false	true	5717	6545
56198	27	mix	VgRk	2	9	A	W  L	false	true	false	6552	7241
56199	27	mix	VgRk	2	10	A	V  L	true	true	true	7244	8281
56200	27	mix	VgRk	2	11	A	P  J	false	false	true	8284	9338
56201	27	mix	VgRk	2	12	A	L  V	true	true	true	9342	10105
56202	27	mix	VgRk	2	13	A	R  P	true	true	true	10108	10851
56203	27	mix	VgRk	2	14	A	L  V	true	true	true	10854	11513
56204	27	mix	VgRk	2	15	A	Y  R	false	false	true	11520	12257
56205	27	mix	VgRk	2	16	A	P  R	true	true	true	12260	13977
56206	27	mix	VgRk	2	17	A	L  H	false	false	true	13981	14993
56207	27	mix	VgRk	2	18	A	P  Y	false	false	true	14997	15689
56208	27	mix	VgRk	2	19	A	V  L	true	true	true	15692	16937
56209	27	mix	VgRk	2	20	A	V  J	false	false	true	16940	17721
56210	27	mix	VgRk	2	21	A	L  V	true	true	true	17724	18401
56211	27	mix	VgRk	2	22	A	K  L	false	false	true	18404	19569
56212	27	mix	VgRk	2	23	A	Q  R	false	false	true	19572	20657
56213	27	mix	VgRk	2	24	A	T  L	false	false	true	20661	21417
56214	27	mix	VgRk	2	25	A	R  P	true	true	true	21420	22257
56215	27	mix	VgRk	2	26	B	images/1_50_k.jpg	false	false	true	2502	23289
56216	27	mix	VgRk	2	27	B	images/1_50_R_k.jpg	true	true	true	23292	23961
56217	27	mix	VgRk	2	28	B	images/39_50_R_k.jpg	true	true	true	23964	24529
56218	27	mix	VgRk	2	29	B	images/25_50_k.jpg	false	false	true	24532	25153
56219	27	mix	VgRk	2	30	B	images/13_50_R_k.jpg	true	true	true	25156	25705
56220	27	mix	VgRk	2	31	B	images/25_50_R_k.jpg	true	false	false	25712	26361
56221	27	mix	VgRk	2	32	B	images/39_50_k.jpg	false	false	true	26364	27769
56222	27	mix	VgRk	2	33	B	images/25_50_k.jpg	false	false	true	27772	28401
56223	27	mix	VgRk	2	34	B	images/39_50_k.jpg	false	false	true	28404	28937
56224	27	mix	VgRk	2	35	B	images/1_50_R_k.jpg	true	true	true	28940	29537
56225	27	mix	VgRk	2	36	B	images/25_50_R_k.jpg	true	true	true	29540	30089
56226	27	mix	VgRk	2	37	B	images/13_50_k.jpg	false	false	true	30092	31017
56227	27	mix	VgRk	2	38	B	images/1_50_R_k.jpg	true	true	true	31024	31625
56228	27	mix	VgRk	2	39	B	images/39_50_R_k.jpg	true	true	true	31627	32226
56229	27	mix	VgRk	2	40	B	images/25_50_k.jpg	false	true	false	32229	32849
56230	27	mix	VgRk	2	41	B	images/39_50_k.jpg	false	true	false	32851	33432
56231	27	mix	VgRk	2	42	B	images/13_50_R_k.jpg	true	true	true	33436	34344
56232	27	mix	VgRk	2	43	B	images/13_50_k.jpg	false	false	true	34347	34976
56233	27	mix	VgRk	2	44	B	images/1_50_R_k.jpg	true	true	true	34983	35673
56234	27	mix	VgRk	2	45	B	images/25_50_k.jpg	false	false	true	35676	36248
56235	27	mix	VgRk	2	46	B	images/1_50_k.jpg	false	false	true	36252	36784
56236	27	mix	VgRk	2	47	B	images/13_50_R_k.jpg	true	true	true	36788	37328
56237	27	mix	VgRk	2	48	B	images/39_50_k.jpg	false	false	true	37331	37936
56238	27	mix	VgRk	2	49	B	images/39_50_R_k.jpg	true	true	true	37940	38584
56239	27	mix	VgRk	2	50	B	images/1_50_R_k.jpg	true	true	true	38589	39384
56240	27	mix	VgRk	2	51	B	images/25_50_k.jpg	false	false	true	39388	39960
56241	27	mix	VgRk	2	52	B	images/13_50_R_k.jpg	true	true	true	39963	40456
56242	27	mix	VgRk	2	53	B	images/1_50_R_k.jpg	true	true	true	40459	41192
56243	27	mix	VgRk	2	54	B	images/25_50_R_k.jpg	true	true	true	41196	41946
56244	27	mix	VgRk	2	55	B	images/1_50_R_k.jpg	true	true	true	41949	43080
56245	27	mix	VgRk	2	56	B	images/25_50_R_k.jpg	true	true	true	43083	43848
56246	27	mix	VgRk	2	57	B	images/1_50_k.jpg	false	false	true	43852	44440
56247	27	mix	VgRk	2	58	B	images/13_50_R_k.jpg	true	true	true	44443	44920
56248	27	mix	VgRk	2	59	B	images/39_50_R_k.jpg	true	true	true	44923	45504
56249	27	mix	VgRk	2	60	B	images/25_50_k.jpg	false	false	true	45507	46178
56250	27	mix	VgRk	2	61	B	images/1_50_k.jpg	false	false	true	46181	46792
56251	27	mix	VgRk	2	62	B	images/13_50_R_k.jpg	true	true	true	46795	47224
56252	27	mix	VgRk	2	63	B	images/1_50_R_k.jpg	true	true	true	47227	47978
56253	27	mix	VgRk	2	64	B	images/13_50_R_k.jpg	true	true	true	47981	48504
56254	27	mix	VgRk	2	65	B	images/25_50_R_k.jpg	true	true	true	48507	49419
56255	27	mix	VgRk	2	66	B	images/13_50_k.jpg	false	false	true	49422	50584
56256	27	mix	VgRk	2	67	B	images/39_50_R_k.jpg	true	true	true	50588	51144
56257	27	mix	VgRk	2	68	B	images/39_50_k.jpg	false	false	true	51151	51784
56258	27	mix	VgRk	2	69	B	images/25_50_R_k.jpg	true	true	true	51787	52344
56259	27	mix	VgRk	2	70	B	images/13_50_k.jpg	false	false	true	52347	52992
56260	27	mix	VgRk	2	71	B	images/25_50_k.jpg	false	false	true	52995	53544
56261	27	mix	VgRk	2	72	B	images/39_50_k.jpg	false	false	true	53547	54088
56262	27	mix	VgRk	2	73	B	images/13_50_R_k.jpg	true	true	true	54091	54760
56263	27	mix	VgRk	2	74	B	images/13_50_k.jpg	false	false	true	54763	55824
56264	27	mix	VgRk	2	75	A	V  L	true	true	true	22261	56416
56265	27	mix	VgRk	2	76	A	R  X	false	false	true	56419	57528
56266	27	mix	VgRk	2	77	A	R  Y	false	false	true	57532	58208
56267	27	mix	VgRk	2	78	A	L  V	true	true	true	58211	58912
56268	27	mix	VgRk	2	79	A	R  P	true	true	true	58916	59528
56269	27	mix	VgRk	2	80	A	P  R	true	false	false	59532	60312
56270	27	mix	VgRk	2	81	A	V  L	true	true	true	60315	61304
56271	27	mix	VgRk	2	82	A	L  V	true	true	true	61307	61928
56272	27	mix	VgRk	2	83	A	L  F	false	false	true	61935	62528
56273	27	mix	VgRk	2	84	A	R  Y	false	false	true	62532	63144
56274	27	mix	VgRk	2	85	A	P  R	true	true	true	63147	63728
56275	27	mix	VgRk	2	86	A	V  L	true	true	true	63735	64577
56276	27	mix	VgRk	2	87	A	R  P	true	true	true	64580	65432
56277	27	mix	VgRk	2	88	A	P  R	true	true	true	65435	66233
56278	27	mix	VgRk	2	89	A	P  X	false	false	true	66236	67008
56279	27	mix	VgRk	2	90	A	V  L	true	true	true	67012	67608
56280	27	mix	VgRk	2	91	A	L  V	true	true	true	67612	68304
56281	27	mix	VgRk	2	92	A	R  P	true	true	true	68307	69000
56282	27	mix	VgRk	2	93	A	V  L	true	true	true	69003	69672
56283	27	mix	VgRk	2	94	A	P  R	true	true	true	69675	70432
56284	27	mix	VgRk	2	95	A	M  V	false	true	false	70435	71736
56285	27	mix	VgRk	2	96	A	V  S	false	false	true	71739	72792
56286	27	mix	VgRk	2	97	A	T  V	false	false	true	72795	73408
56287	27	mix	VgRk	2	98	A	L  V	true	true	true	73411	74088
56288	27	mix	VgRk	2	99	A	P  S	false	false	true	74091	75504
56289	27	mix	VgRk	2	100	A	V  L	true	false	false	75507	76026
56290	27	mix	VgRk	2	101	A	R  D	false	false	true	76029	76904
56291	27	mix	VgRk	2	102	A	P  R	true	true	true	76911	77856
56292	27	mix	VgRk	2	103	A	R  B	false	false	true	77859	79799
56293	27	mix	VgRk	2	104	A	L  V	true	false	false	79802	80599
56294	27	mix	VgRk	2	105	A	R  P	true	true	true	80603	81426
56295	27	mix	VgRk	2	106	A	L  V	true	true	true	81429	81983
56296	27	mix	VgRk	2	107	A	V  L	true	true	true	81987	82577
56297	27	mix	VgRk	2	108	A	L  V	true	true	true	82581	83119
56298	27	mix	VgRk	2	109	A	P  K	false	false	true	83124	84056
56299	27	mix	VgRk	2	110	A	F  P	false	false	true	84059	84711
56300	27	mix	VgRk	2	111	A	R  T	false	true	false	84714	85368
56301	27	mix	VgRk	2	112	A	P  W	false	false	true	85372	86831
56302	27	mix	VgRk	2	113	A	R  P	true	true	true	86835	88176
56303	27	mix	VgRk	2	114	A	T  L	false	false	true	88179	88943
56304	27	mix	VgRk	2	115	A	V  L	true	true	true	88946	89527
56305	27	mix	VgRk	2	116	A	L  V	true	true	true	89531	90295
56306	27	mix	VgRk	2	117	A	P  R	true	true	true	90298	91111
56307	27	mix	VgRk	2	118	A	P  Y	false	true	false	91114	91705
56308	27	mix	VgRk	2	119	A	L  G	false	false	true	91708	92839
56309	27	mix	VgRk	2	120	A	H  L	false	false	true	92842	93511
56310	27	mix	VgRk	2	121	A	V  S	false	false	true	93514	94167
56311	27	mix	VgRk	2	122	A	R  P	true	true	true	94174	95031
56312	27	mix	VgRk	2	123	A	P  N	false	false	true	95038	95679
56313	27	mix	VgRk	2	124	A	V  L	true	true	true	95686	96247
56314	27	mix	VgRk	2	125	A	S  L	false	false	true	96251	97231
56315	27	mix	VgRk	2	126	A	L  V	true	true	true	97235	97759
56316	27	mix	VgRk	2	127	A	Y  L	false	false	true	97762	98472
56317	27	mix	VgRk	2	128	A	W  R	false	false	true	98475	99391
56318	27	mix	VgRk	2	129	A	V  L	true	false	false	99394	100311
56319	27	mix	VgRk	2	130	A	L  B	false	false	true	100314	101215
56320	27	mix	VgRk	2	131	A	R  P	true	true	true	101218	101719
56321	27	mix	VgRk	2	132	A	V  L	true	true	true	101722	102255
56322	27	mix	VgRk	2	133	A	P  R	true	true	true	102258	102895
56323	27	mix	VgRk	2	134	A	R  P	true	true	true	102899	103471
56324	27	mix	VgRk	2	135	A	V  L	true	true	true	103474	104007
56325	27	mix	VgRk	2	136	A	T  P	false	false	true	104010	104655
56326	27	mix	VgRk	2	137	A	X  L	false	false	true	104658	105335
56327	27	mix	VgRk	2	138	A	L  V	true	true	true	105338	106111
56328	27	mix	VgRk	2	139	A	R  P	true	true	true	106115	107047
56329	27	mix	VgRk	2	140	A	V  L	true	true	true	107050	107791
56330	27	mix	VgRk	2	141	A	L  J	false	false	true	107794	108615
56331	27	mix	VgRk	2	142	A	P  H	false	false	true	108618	109135
56332	27	mix	VgRk	2	143	A	L  V	true	true	true	109138	109727
56333	27	mix	VgRk	2	144	B	images/25_50_k.jpg	false	false	true	55831	110935
56334	27	mix	VgRk	2	145	B	images/1_50_k.jpg	false	false	true	110938	111487
56335	27	mix	VgRk	2	146	B	images/25_50_R_k.jpg	true	false	false	111490	111937
56336	27	mix	VgRk	2	147	B	images/25_50_k.jpg	false	false	true	111940	112639
56337	27	mix	VgRk	2	148	B	images/13_50_R_k.jpg	true	true	true	112642	113119
56338	27	mix	VgRk	2	149	B	images/1_50_R_k.jpg	true	true	true	113122	113799
56339	27	mix	VgRk	2	150	B	images/25_50_R_k.jpg	true	true	true	113802	114415
56340	27	mix	VgRk	2	151	B	images/13_50_k.jpg	false	false	true	114418	115015
56341	27	mix	VgRk	2	152	B	images/1_50_R_k.jpg	true	true	true	115018	115559
56342	27	mix	VgRk	2	153	B	images/39_50_k.jpg	false	false	true	115562	116185
56343	27	mix	VgRk	2	154	B	images/13_50_R_k.jpg	true	true	true	116188	116927
56344	27	mix	VgRk	2	155	B	images/13_50_k.jpg	false	false	true	116930	117519
56345	27	mix	VgRk	2	156	B	images/1_50_R_k.jpg	true	true	true	117522	118079
56346	27	mix	VgRk	2	157	B	images/13_50_R_k.jpg	true	true	true	118082	118791
56347	27	mix	VgRk	2	158	B	images/1_50_R_k.jpg	true	true	true	118794	119431
56348	27	mix	VkRg	2	1	A	rimages/4e_z.png	true	true	true	7	2649
56349	27	mix	VkRg	2	2	A	rimages/3e_z.png	true	true	true	2656	4137
56350	27	mix	VkRg	2	3	A	rimages/6d_z.png	true	true	true	4140	8449
56351	27	mix	VkRg	2	4	A	rimages/4e_z.png	true	true	true	8452	9793
56352	27	mix	VkRg	2	5	A	rimages/4d_z.png	false	false	true	9797	10473
56353	27	mix	VkRg	2	6	A	rimages/3d_z.png	false	false	true	10476	11089
56354	27	mix	VkRg	2	7	A	rimages/4d_z.png	false	false	true	11092	11601
56355	27	mix	VkRg	2	8	A	rimages/6a_z.png	false	false	true	11604	12185
56356	27	mix	VkRg	2	9	A	rimages/4a_z.png	false	false	true	12188	13881
56357	27	mix	VkRg	2	10	A	rimages/3e_z.png	true	true	true	13884	14433
56358	27	mix	VkRg	2	11	A	rimages/4e_z.png	true	true	true	14436	15777
56359	27	mix	VkRg	2	12	A	rimages/3b_z.png	false	false	true	15781	16721
56360	27	mix	VkRg	2	13	A	rimages/3e_z.png	true	true	true	16724	17561
56361	27	mix	VkRg	2	14	B	4  7	false	false	true	8	20273
56362	27	mix	VkRg	2	15	B	3  8	false	false	true	20276	21169
56363	27	mix	VkRg	2	16	B	7  9	true	true	true	21172	21961
56364	27	mix	VkRg	2	17	B	5  6	false	false	true	21964	22593
56365	27	mix	VkRg	2	18	B	3  5	true	true	true	22596	23273
56366	27	mix	VkRg	2	19	B	2  4	true	true	true	23277	23833
56367	27	mix	VkRg	2	20	B	3  5	true	true	true	23836	24593
56368	27	mix	VkRg	2	21	B	3  8	false	false	true	24596	25321
56369	27	mix	VkRg	2	22	B	6  8	true	true	true	25328	25993
56370	27	mix	VkRg	2	23	B	2  4	true	true	true	25996	26761
56371	27	mix	VkRg	2	24	B	4  7	false	false	true	26767	27553
56372	27	mix	VkRg	2	25	B	3  8	false	false	true	27560	28304
56373	27	mix	VkRg	2	26	B	2  9	false	false	true	28309	29321
56374	27	mix	VkRg	2	27	B	4  7	false	false	true	29325	30185
56375	27	mix	VkRg	2	28	B	7  9	true	true	true	30189	30952
56376	27	mix	VkRg	2	29	B	5  6	false	false	true	30956	31816
56377	27	mix	VkRg	2	30	B	2  4	true	true	true	31820	32576
56378	27	mix	VkRg	2	31	B	2  9	false	false	true	32583	33441
56379	27	mix	VkRg	2	32	B	4  7	false	false	true	33448	34512
56380	27	mix	VkRg	2	33	B	5  6	false	false	true	34516	35168
56381	27	mix	VkRg	2	34	B	3  8	false	false	true	35176	35824
56382	27	mix	VkRg	2	35	B	5  6	false	false	true	35828	36856
56383	27	mix	VkRg	2	36	B	7  9	true	true	true	36860	37448
56384	27	mix	VkRg	2	37	B	3  8	false	false	true	37452	38296
56385	27	mix	VkRg	2	38	B	5  6	false	false	true	38300	39080
56386	27	mix	VkRg	2	39	B	3  8	false	false	true	39084	40321
56387	27	mix	VkRg	2	40	B	2  9	false	false	true	40325	41480
56388	27	mix	VkRg	2	41	B	5  6	false	false	true	41484	42496
56389	27	mix	VkRg	2	42	B	6  8	true	true	true	42504	43201
56390	27	mix	VkRg	2	43	B	7  9	true	true	true	43205	43840
56391	27	mix	VkRg	2	44	B	4  7	false	false	true	43843	44728
56392	27	mix	VkRg	2	45	B	3  5	true	true	true	44735	45304
56393	27	mix	VkRg	2	46	B	2  4	true	true	true	45311	45928
56394	27	mix	VkRg	2	47	B	3  8	false	false	true	45932	46576
56395	27	mix	VkRg	2	48	B	7  9	true	true	true	46579	47128
56396	27	mix	VkRg	2	49	B	6  8	true	true	true	47131	47904
56397	27	mix	VkRg	2	50	B	5  6	false	false	true	47907	48632
56398	27	mix	VkRg	2	51	B	7  9	true	true	true	48636	49456
56399	27	mix	VkRg	2	52	B	2  9	false	false	true	49460	50048
56400	27	mix	VkRg	2	53	B	2  4	true	false	false	50052	51104
56401	27	mix	VkRg	2	54	B	5  6	false	false	true	51107	52169
56402	27	mix	VkRg	2	55	B	3  5	true	true	true	52173	52835
56403	27	mix	VkRg	2	56	B	6  8	true	true	true	52838	53338
56404	27	mix	VkRg	2	57	B	7  9	true	true	true	53341	53880
56405	27	mix	VkRg	2	58	B	2  4	true	true	true	53884	54608
56406	27	mix	VkRg	2	59	B	3  8	false	false	true	54611	55544
56407	27	mix	VkRg	2	60	A	rimages/4e_z.png	true	true	true	17568	56576
56408	27	mix	VkRg	2	61	A	rimages/6d_z.png	true	true	true	56584	58032
56409	27	mix	VkRg	2	62	A	rimages/3d_z.png	false	false	true	58035	58776
56410	27	mix	VkRg	2	63	A	rimages/4e_z.png	true	true	true	58780	59472
56411	27	mix	VkRg	2	64	A	rimages/6d_z.png	true	true	true	59475	60784
56412	27	mix	VkRg	2	65	A	rimages/4a_z.png	false	false	true	60787	61624
56413	27	mix	VkRg	2	66	A	rimages/6b_z.png	false	false	true	61627	62224
56414	27	mix	VkRg	2	67	A	rimages/4a_z.png	false	false	true	62227	62872
56415	27	mix	VkRg	2	68	A	rimages/3e_z.png	true	true	true	62875	63464
56416	27	mix	VkRg	2	69	A	rimages/4e_z.png	true	true	true	63467	64280
56417	27	mix	VkRg	2	70	A	rimages/3e_z.png	true	false	false	64287	64880
56418	27	mix	VkRg	2	71	A	rimages/4e_z.png	true	true	true	64883	66570
56419	27	mix	VkRg	2	72	A	rimages/6d_z.png	true	true	true	66573	67296
56420	27	mix	VkRg	2	73	A	rimages/6c_z.png	false	false	true	67299	69024
56421	27	mix	VkRg	2	74	A	rimages/3b_z.png	false	true	false	69028	69720
56422	27	mix	VkRg	2	75	A	rimages/3d_z.png	false	false	true	69723	70360
56423	27	mix	VkRg	2	76	A	rimages/3a_z.png	false	false	true	70363	71888
56424	27	mix	VkRg	2	77	A	rimages/3d_z.png	false	false	true	71891	72480
56425	27	mix	VkRg	2	78	A	rimages/3e_z.png	true	true	true	72483	73232
56426	27	mix	VkRg	2	79	A	rimages/4e_z.png	true	true	true	73235	73927
56427	27	mix	VkRg	2	80	A	rimages/6a_z.png	false	false	true	73931	74631
56428	27	mix	VkRg	2	81	A	rimages/6d_z.png	true	true	true	74638	75303
56429	27	mix	VkRg	2	82	A	rimages/3c_z.png	false	false	true	75307	77143
56430	27	mix	VkRg	2	83	A	rimages/4e_z.png	true	true	true	77147	77784
56431	27	mix	VkRg	2	84	A	rimages/3e_z.png	true	false	false	77788	78392
56432	27	mix	VkRg	2	85	A	rimages/5e_z.png	false	true	false	78395	79159
56433	27	mix	VkRg	2	86	A	rimages/6d_z.png	true	true	true	79163	80775
56434	27	mix	VkRg	2	87	A	rimages/3e_z.png	true	true	true	80779	81399
56435	27	mix	VkRg	2	88	A	rimages/6a_z.png	false	false	true	81407	82151
56436	27	mix	VkRg	2	89	A	rimages/6d_z.png	true	true	true	82155	82840
56437	27	mix	VkRg	2	90	A	rimages/4e_z.png	true	false	false	82847	84863
56438	27	mix	VkRg	2	91	A	rimages/3e_z.png	true	true	true	84867	85551
56439	27	mix	VkRg	2	92	A	rimages/4e_z.png	true	false	false	85555	86497
56440	27	mix	VkRg	2	93	A	rimages/3e_z.png	true	true	true	86500	87423
56441	27	mix	VkRg	2	94	A	rimages/3d_z.png	false	false	true	87426	88071
56442	27	mix	VkRg	2	95	A	rimages/4b_z.png	false	false	true	88075	88743
56443	27	mix	VkRg	2	96	A	rimages/4e_z.png	true	false	false	88750	90159
56444	27	mix	VkRg	2	97	A	rimages/6c_z.png	false	false	true	90162	90711
56445	27	mix	VkRg	2	98	A	rimages/3e_z.png	true	true	true	90714	91407
56446	27	mix	VkRg	2	99	A	rimages/4e_z.png	true	false	false	91414	94031
56447	27	mix	VkRg	2	100	A	rimages/5c_z.png	false	true	false	94035	95287
56448	27	mix	VkRg	2	101	A	rimages/6d_z.png	true	true	true	95290	96119
56449	27	mix	VkRg	2	102	A	rimages/4e_z.png	true	false	false	96122	98439
56450	27	mix	VkRg	2	103	A	rimages/4b_z.png	false	false	true	98442	99295
56451	27	mix	VkRg	2	104	A	rimages/6d_z.png	true	true	true	99300	100015
56452	27	mix	VkRg	2	105	A	rimages/6b_z.png	false	false	true	100019	100623
56453	27	mix	VkRg	2	106	A	rimages/3e_z.png	true	true	true	100626	101391
56454	27	mix	VkRg	2	107	A	rimages/4b_z.png	false	false	true	101394	102039
56455	27	mix	VkRg	2	108	A	rimages/4e_z.png	true	true	true	102042	102841
56456	27	mix	VkRg	2	109	A	rimages/6e_z.png	false	false	true	102845	103471
56457	27	mix	VkRg	2	110	A	rimages/3d_z.png	false	false	true	103475	104207
56458	27	mix	VkRg	2	111	A	rimages/4c_z_2.png	false	false	true	104214	104768
56459	27	mix	VkRg	2	112	A	rimages/3e_z.png	true	true	true	104773	105263
56460	27	mix	VkRg	2	113	A	rimages/4d_z.png	false	false	true	105267	106039
56461	27	mix	VkRg	2	114	A	rimages/3b_z.png	false	false	true	106042	106727
56462	27	mix	VkRg	2	115	A	rimages/3a_z.png	false	false	true	106734	107383
56463	27	mix	VkRg	2	116	A	rimages/4b_z.png	false	false	true	107386	108159
56464	27	mix	VkRg	2	117	A	rimages/5c_z.png	false	true	false	108163	109199
56465	27	mix	VkRg	2	118	A	rimages/4e_z.png	true	false	false	109202	110055
56466	27	mix	VkRg	2	119	A	rimages/3e_z.png	true	true	true	110058	110823
56467	27	mix	VkRg	2	120	A	rimages/4c_z_2.png	false	false	true	110830	111415
56468	27	mix	VkRg	2	121	A	rimages/4b_z.png	false	false	true	111418	112047
56469	27	mix	VkRg	2	122	A	rimages/3b_z.png	false	false	true	112050	112904
56470	27	mix	VkRg	2	123	A	rimages/4e_z.png	true	false	false	112907	114255
56471	27	mix	VkRg	2	124	A	rimages/6d_z.png	true	true	true	114258	114975
56472	27	mix	VkRg	2	125	B	3  5	true	true	true	55548	116615
56473	27	mix	VkRg	2	126	B	6  8	true	true	true	116618	117287
56474	27	mix	VkRg	2	127	B	2  4	true	true	true	117290	117990
56475	27	mix	VkRg	2	128	B	4  7	false	false	true	117995	118687
56476	27	mix	VkRg	2	129	B	3  5	true	true	true	118690	119647
56775	27	mix	VgRk	2	1	A	C  M	true	true	true	15	1966
56776	27	mix	VgRk	2	2	B	images/25_50_R_k.jpg	true	false	false	16	2510
56777	27	mix	VgRk	2	3	B	images/1_50_k.jpg	false	false	true	2513	3222
56778	27	mix	VgRk	2	4	A	X  N	false	false	true	1969	4630
56779	27	mix	VgRk	2	5	A	X  T	true	true	true	4633	5438
56780	27	mix	VgRk	2	6	A	M  Q	false	false	true	5441	6462
56781	27	mix	VgRk	2	7	A	C  P	false	false	true	6466	7422
56782	27	mix	VgRk	2	8	A	T  L	false	false	true	7425	8367
56783	27	mix	VgRk	2	9	A	H  X	false	false	true	8370	8950
56784	27	mix	VgRk	2	10	B	images/39_50_k.jpg	false	false	true	3225	9608
56785	27	mix	VgRk	2	11	B	images/25_50_k.jpg	false	false	true	9611	10174
56786	27	mix	VgRk	2	12	B	images/39_50_R_k.jpg	true	true	true	10177	10766
56787	27	mix	VgRk	2	13	B	images/1_50_k.jpg	false	false	true	10769	11462
56788	27	mix	VgRk	2	14	B	images/39_50_k.jpg	false	false	true	11466	12214
56789	27	mix	VgRk	2	15	B	images/13_50_R_k.jpg	true	true	true	12221	12862
56790	27	mix	VgRk	2	16	A	M  G	false	false	true	8953	14126
56791	27	mix	VgRk	2	17	A	X  F	false	false	true	14130	14670
56792	27	mix	VgRk	2	18	A	S  X	false	false	true	14673	15350
56793	27	mix	VgRk	2	19	A	C  M	true	true	true	15353	16054
56794	27	mix	VgRk	2	20	A	X  T	true	true	true	16057	17230
56795	27	mix	VgRk	2	21	A	T  V	false	false	true	17233	17888
56796	27	mix	VgRk	2	22	A	T  L	false	false	true	17891	18366
56797	27	mix	VgRk	2	23	A	R  T	false	false	true	18369	18998
56798	27	mix	VgRk	2	24	B	images/13_50_k.jpg	false	false	true	12869	19534
56799	27	mix	VgRk	2	25	B	images/1_50_R_k.jpg	true	false	false	19537	20038
56800	27	mix	VgRk	2	26	B	images/25_50_k.jpg	false	false	true	20041	21046
56801	27	mix	VgRk	2	27	B	images/39_50_k.jpg	false	false	true	21049	21590
56802	27	mix	VgRk	2	28	B	images/13_50_R_k.jpg	true	true	true	21594	22142
56803	27	mix	VgRk	2	29	A	R  X	false	false	true	19001	22702
56804	27	mix	VgRk	2	30	A	C  M	true	true	true	22705	23422
56805	27	mix	VgRk	2	31	A	M  C	true	true	true	23426	24093
56806	27	mix	VgRk	2	32	A	V  X	false	false	true	24096	24830
56807	27	mix	VgRk	2	33	A	C  M	true	true	true	24833	25413
56808	27	mix	VgRk	2	34	A	M  C	true	true	true	25417	26117
56809	27	mix	VgRk	2	35	B	images/25_50_R_k.jpg	true	true	true	22145	27575
56810	27	mix	VgRk	2	36	B	images/13_50_k.jpg	false	false	true	27578	28173
56811	27	mix	VgRk	2	37	B	images/39_50_R_k.jpg	true	true	true	28177	28741
56812	27	mix	VgRk	2	38	B	images/25_50_R_k.jpg	true	true	true	28748	29501
56813	27	mix	VgRk	2	39	B	images/39_50_k.jpg	false	false	true	29505	30157
56814	27	mix	VgRk	2	40	B	images/13_50_R_k.jpg	true	true	true	30160	31013
56815	27	mix	VgRk	2	41	B	images/13_50_k.jpg	false	false	true	31017	31621
56816	27	mix	VgRk	2	42	B	images/39_50_R_k.jpg	true	true	true	31628	32157
56817	27	mix	VgRk	2	43	B	images/1_50_R_k.jpg	true	false	false	32160	32759
56818	27	mix	VgRk	2	44	B	images/25_50_k.jpg	false	false	true	32762	33597
56819	27	mix	VgRk	2	45	B	images/39_50_k.jpg	false	false	true	33600	34127
56820	27	mix	VgRk	2	46	B	images/13_50_R_k.jpg	true	true	true	34130	34869
56821	27	mix	VgRk	2	47	B	images/39_50_R_k.jpg	true	true	true	34873	35453
56822	27	mix	VgRk	2	48	B	images/13_50_k.jpg	false	false	true	35457	36021
56823	27	mix	VgRk	2	49	B	images/1_50_R_k.jpg	true	true	true	36024	36653
56824	27	mix	VgRk	2	50	B	images/39_50_R_k.jpg	true	true	true	36657	37381
56825	27	mix	VgRk	2	51	B	images/25_50_R_k.jpg	true	true	true	37388	38149
56826	27	mix	VgRk	2	52	B	images/1_50_R_k.jpg	true	false	false	38153	38757
56827	27	mix	VgRk	2	53	B	images/13_50_R_k.jpg	true	true	true	38760	39549
56828	27	mix	VgRk	2	54	B	images/39_50_k.jpg	false	false	true	39553	40213
56829	27	mix	VgRk	2	55	B	images/39_50_R_k.jpg	true	true	true	40216	40773
56830	27	mix	VgRk	2	56	B	images/25_50_k.jpg	false	false	true	40776	41477
56831	27	mix	VgRk	2	57	B	images/25_50_R_k.jpg	true	true	true	41480	42269
56832	27	mix	VgRk	2	58	B	images/1_50_k.jpg	false	false	true	42273	42789
56833	27	mix	VgRk	2	59	B	images/39_50_R_k.jpg	true	true	true	42793	43349
56834	27	mix	VgRk	2	60	B	images/25_50_k.jpg	false	false	true	43353	43933
56835	27	mix	VgRk	2	61	B	images/13_50_k.jpg	false	false	true	43940	44838
56836	27	mix	VgRk	2	62	B	images/1_50_k.jpg	false	false	true	44841	45349
56837	27	mix	VgRk	2	63	B	images/39_50_k.jpg	false	false	true	45353	45837
56838	27	mix	VgRk	2	64	B	images/1_50_k.jpg	false	false	true	45840	46261
56839	27	mix	VgRk	2	65	B	images/1_50_R_k.jpg	true	true	true	46264	46901
56840	27	mix	VgRk	2	66	B	images/13_50_R_k.jpg	true	true	true	46904	47421
56841	27	mix	VgRk	2	67	B	images/1_50_R_k.jpg	true	true	true	47426	48239
56842	27	mix	VgRk	2	68	B	images/39_50_k.jpg	false	false	true	48243	48925
56843	27	mix	VgRk	2	69	B	images/39_50_R_k.jpg	true	true	true	48928	49557
56844	27	mix	VgRk	2	70	B	images/13_50_R_k.jpg	true	true	true	49560	50245
56845	27	mix	VgRk	2	71	B	images/1_50_R_k.jpg	true	true	true	50249	51125
56846	27	mix	VgRk	2	72	A	R  X	false	false	true	26121	54781
56847	27	mix	VgRk	2	73	A	S  M	false	false	true	54784	58405
56848	27	mix	VgRk	2	74	A	Q  X	false	false	true	58408	58957
56849	27	mix	VgRk	2	75	A	C  M	true	false	false	58960	61893
56850	27	mix	VgRk	2	76	A	T  X	true	true	true	61896	62645
56851	27	mix	VgRk	2	77	A	L  X	false	true	false	62648	64645
56852	27	mix	VgRk	2	78	A	H  M	false	false	true	64648	66669
56853	27	mix	VgRk	2	79	A	N  M	false	false	true	66672	67389
56854	27	mix	VgRk	2	80	A	C  M	true	false	false	67392	69029
56855	27	mix	VgRk	2	81	A	X  T	true	true	true	69031	69564
56856	27	mix	VgRk	2	82	A	C  M	true	false	false	69567	70204
56857	27	mix	VgRk	2	83	A	M  C	true	false	false	70209	71220
56858	27	mix	VgRk	2	84	A	C  L	false	false	true	71224	71836
56859	27	mix	VgRk	2	85	A	M  V	false	false	true	71839	73300
56860	27	mix	VgRk	2	86	A	C  M	true	false	false	73304	74125
56861	27	mix	VgRk	2	87	A	M  D	false	false	true	74132	74758
56862	27	mix	VgRk	2	88	A	C  H	false	false	true	74761	75348
56863	27	mix	VgRk	2	89	A	P  C	false	false	true	75355	76116
56864	27	mix	VgRk	2	90	A	X  P	false	false	true	76120	77541
56865	27	mix	VgRk	2	91	A	Y  M	false	false	true	77543	78142
56866	27	mix	VgRk	2	92	A	M  C	true	false	false	78146	78764
56867	27	mix	VgRk	2	93	A	X  T	true	true	true	78767	79476
56868	27	mix	VgRk	2	94	A	T  X	true	true	true	79479	80252
56869	27	mix	VgRk	2	95	A	X  T	true	true	true	80256	80740
56870	27	mix	VgRk	2	96	A	F  C	false	false	true	80743	81388
56871	27	mix	VgRk	2	97	A	M  C	true	false	false	81392	82174
56872	27	mix	VgRk	2	98	A	T  X	true	true	true	82178	83580
56873	27	mix	VgRk	2	99	A	C  R	false	true	false	83583	84444
56874	27	mix	VgRk	2	100	A	M  C	true	false	false	84447	85260
56875	27	mix	VgRk	2	101	A	Y  C	false	false	true	85263	85940
56876	27	mix	VgRk	2	102	A	T  X	true	true	true	85943	86676
56877	27	mix	VgRk	2	103	A	C  M	true	false	false	86679	87764
56878	27	mix	VgRk	2	104	A	X  T	true	true	true	87767	88366
56879	27	mix	VgRk	2	105	A	C  J	false	false	true	88370	89087
56880	27	mix	VgRk	2	106	A	J  C	false	false	true	89090	89708
56881	27	mix	VgRk	2	107	A	M  C	true	false	false	89711	90588
56882	27	mix	VgRk	2	108	A	X  T	true	true	true	90591	91148
56883	27	mix	VgRk	2	109	A	P  C	false	false	true	91152	91780
56884	27	mix	VgRk	2	110	A	F  M	false	false	true	91784	92398
56885	27	mix	VgRk	2	111	A	T  F	false	false	true	92402	93132
56886	27	mix	VgRk	2	112	A	C  M	true	false	false	93136	94116
56887	27	mix	VgRk	2	113	A	M  C	true	false	false	94120	94703
56888	27	mix	VgRk	2	114	A	M  D	false	false	true	94706	95244
56889	27	mix	VgRk	2	115	A	X  B	false	false	true	95247	96100
56890	27	mix	VgRk	2	116	A	T  X	true	true	true	96105	96868
56891	27	mix	VgRk	2	117	A	C  M	true	false	false	96871	97500
56892	27	mix	VgRk	2	118	A	G  C	false	false	true	97503	98148
56893	27	mix	VgRk	2	119	A	M  C	true	false	false	98151	98660
56894	27	mix	VgRk	2	120	A	T  X	true	false	false	98667	100229
56895	27	mix	VgRk	2	121	A	C  M	true	false	false	100232	101932
56896	27	mix	VgRk	2	122	A	T  X	true	true	true	101935	102700
56897	27	mix	VgRk	2	123	A	C  M	true	false	false	102703	103332
56898	27	mix	VgRk	2	124	A	M  D	false	false	true	103335	103916
56899	27	mix	VgRk	2	125	A	M  C	true	false	false	103919	104604
56900	27	mix	VgRk	2	126	A	R  C	false	true	false	104610	105237
56901	27	mix	VgRk	2	127	A	L  X	false	false	true	105240	106101
56902	27	mix	VgRk	2	128	A	C  M	true	false	false	106104	107398
56903	27	mix	VgRk	2	129	A	M  C	true	false	false	107401	107924
56904	27	mix	VgRk	2	130	A	T  X	true	true	true	107927	108676
56905	27	mix	VgRk	2	131	A	X  T	true	true	true	108680	109444
56906	27	mix	VgRk	2	132	A	M  C	true	false	false	109447	110100
56907	27	mix	VgRk	2	133	A	T  K	false	false	true	110103	111124
56908	27	mix	VgRk	2	134	A	C  M	true	false	false	111128	111916
56909	27	mix	VgRk	2	135	A	K  C	false	false	true	111919	112636
56910	27	mix	VgRk	2	136	A	X  T	true	true	true	112640	113292
56911	27	mix	VgRk	2	137	A	M  C	true	false	false	113295	113836
56912	27	mix	VgRk	2	138	A	V  M	false	false	true	113838	114516
56913	27	mix	VgRk	2	139	A	X  T	true	true	true	114519	115164
56914	27	mix	VgRk	2	140	A	T  X	true	false	false	115166	115651
56915	27	mix	VgRk	2	141	A	X  T	true	true	true	115655	116299
56916	27	mix	VgRk	2	142	A	M  C	true	false	false	116302	117043
56917	27	mix	VgRk	2	143	A	K  M	false	false	true	117050	117883
56918	27	mix	VgRk	2	144	A	T  X	true	true	true	117887	118731
56919	27	mix	VgRk	2	145	A	M  C	true	false	false	118734	119283
56920	27	mix	VgRk	2	146	A	X  T	true	true	true	119287	119851
56921	27	mix	VkRg	2	1	A	rimages/4a_z.png	true	true	true	18	1394
56922	27	mix	VkRg	2	2	B	3  8	false	false	true	19	1906
56923	27	mix	VkRg	2	3	B	3  5	true	true	true	1910	2690
56924	27	mix	VkRg	2	4	A	rimages/6c_z.png	true	true	true	1397	3538
56925	27	mix	VkRg	2	5	A	rimages/6a_z.png	false	false	true	3541	4931
56926	27	mix	VkRg	2	6	B	7  9	true	true	true	2693	5298
56927	27	mix	VkRg	2	7	A	rimages/6d_z.png	false	false	true	4935	8402
56928	27	mix	VkRg	2	8	B	5  6	false	false	true	5302	9730
56929	27	mix	VkRg	2	9	B	4  7	false	false	true	9734	10386
56930	27	mix	VkRg	2	10	B	2  9	false	true	false	10389	11066
56931	27	mix	VkRg	2	11	B	4  7	false	false	true	11073	12250
56932	27	mix	VkRg	2	12	B	3  5	true	true	true	12253	12858
56933	27	mix	VkRg	2	13	B	3  8	false	false	true	12861	13705
56934	27	mix	VkRg	2	14	B	7  9	true	true	true	13709	14265
56935	27	mix	VkRg	2	15	B	4  7	false	false	true	14269	15305
56936	27	mix	VkRg	2	16	A	rimages/6a_z.png	false	false	true	8408	16617
56937	27	mix	VkRg	2	17	A	rimages/4a_z.png	true	true	true	16621	17937
56938	27	mix	VkRg	2	18	A	rimages/4d_z.png	false	false	true	17941	18681
56939	27	mix	VkRg	2	19	A	rimages/4b_z.png	true	true	true	18688	20225
56940	27	mix	VkRg	2	20	A	rimages/6b_z.png	false	false	true	20229	21042
56941	27	mix	VkRg	2	21	A	rimages/4a_z.png	true	true	true	21046	22105
56942	27	mix	VkRg	2	22	A	rimages/6c_z.png	true	false	false	22109	22705
56943	27	mix	VkRg	2	23	A	rimages/4a_z.png	true	true	true	22709	23553
56944	27	mix	VkRg	2	24	A	rimages/3c_z.png	false	false	true	23557	24577
56945	27	mix	VkRg	2	25	A	rimages/4b_z.png	true	true	true	24583	25393
56946	27	mix	VkRg	2	26	A	rimages/6d_z.png	false	false	true	25397	27153
56947	27	mix	VkRg	2	27	A	rimages/4a_z.png	true	true	true	27157	28177
56948	27	mix	VkRg	2	28	A	rimages/3a_z.png	false	false	true	28180	29545
56949	27	mix	VkRg	2	29	A	rimages/6c_z.png	true	true	true	29548	30601
56950	27	mix	VkRg	2	30	B	3  8	false	false	true	15309	32193
56951	27	mix	VkRg	2	31	B	3  5	true	true	true	32196	33081
56952	27	mix	VkRg	2	32	B	4  7	false	false	true	33088	33777
56953	27	mix	VkRg	2	33	B	2  9	false	false	true	33780	35737
56954	27	mix	VkRg	2	34	B	7  9	true	true	true	35742	36529
56955	27	mix	VkRg	2	35	B	5  6	false	false	true	36532	37193
56956	27	mix	VkRg	2	36	B	3  8	false	false	true	37196	38540
56957	27	mix	VkRg	2	37	B	6  8	true	true	true	38543	39209
56958	27	mix	VkRg	2	38	B	7  9	true	true	true	39212	40073
56959	27	mix	VkRg	2	39	B	4  7	false	false	true	40076	40665
56960	27	mix	VkRg	2	40	B	3  5	true	true	true	40668	41289
56961	27	mix	VkRg	2	41	B	5  6	false	false	true	41296	41889
56962	27	mix	VkRg	2	42	B	4  7	false	false	true	41892	42777
56963	27	mix	VkRg	2	43	B	6  8	true	true	true	42780	43385
56964	27	mix	VkRg	2	44	B	2  4	true	true	true	43389	44041
56965	27	mix	VkRg	2	45	B	2  9	false	false	true	44046	44697
56966	27	mix	VkRg	2	46	B	3  8	false	false	true	44701	45681
56967	27	mix	VkRg	2	47	B	2  9	false	false	true	45684	46545
56968	27	mix	VkRg	2	48	B	7  9	true	true	true	46548	47617
56969	27	mix	VkRg	2	49	B	4  7	false	false	true	47621	48377
56970	27	mix	VkRg	2	50	B	6  8	true	true	true	48380	49241
56971	27	mix	VkRg	2	51	B	5  6	false	false	true	49247	49865
56972	27	mix	VkRg	2	52	B	4  7	false	false	true	49869	50585
56973	27	mix	VkRg	2	53	B	7  9	true	true	true	50588	51345
56974	27	mix	VkRg	2	54	A	rimages/3d_z.png	false	false	true	30604	53001
56975	27	mix	VkRg	2	55	A	rimages/4b_z.png	true	true	true	53004	53953
56976	27	mix	VkRg	2	56	A	rimages/5a_z.png	false	false	true	53955	54785
56977	27	mix	VkRg	2	57	A	rimages/4a_z.png	true	false	false	54788	55371
56978	27	mix	VkRg	2	58	A	rimages/4c_z_2.png	false	false	true	55374	56435
56979	27	mix	VkRg	2	59	A	rimages/6c_z.png	true	true	true	56438	57496
56980	27	mix	VkRg	2	60	A	rimages/3b_z.png	false	false	true	57500	58451
56981	27	mix	VkRg	2	61	A	rimages/4b_z.png	true	false	false	58454	59281
56982	27	mix	VkRg	2	62	A	rimages/6c_z.png	true	true	true	59284	60568
56983	27	mix	VkRg	2	63	A	rimages/5e_z.png	false	false	true	60571	61192
56984	27	mix	VkRg	2	64	A	rimages/4a_z.png	true	true	true	61196	61808
56985	27	mix	VkRg	2	65	A	rimages/6c_z.png	true	false	false	61812	62384
56986	27	mix	VkRg	2	66	A	rimages/5a_z.png	false	false	true	62387	63112
56987	27	mix	VkRg	2	67	A	rimages/4b_z.png	true	false	false	63116	63976
56988	27	mix	VkRg	2	68	A	rimages/6c_z.png	true	true	true	63980	65160
56989	27	mix	VkRg	2	69	A	rimages/3b_z.png	false	false	true	65167	66299
56990	27	mix	VkRg	2	70	A	rimages/4b_z.png	true	true	true	66302	67008
56991	27	mix	VkRg	2	71	A	rimages/6a_z.png	false	false	true	67012	67882
56992	27	mix	VkRg	2	72	A	rimages/4d_z.png	false	false	true	67886	68760
56993	27	mix	VkRg	2	73	A	rimages/4a_z.png	true	true	true	68767	69456
56994	27	mix	VkRg	2	74	A	rimages/4b_z.png	true	true	true	69460	70672
56995	27	mix	VkRg	2	75	A	rimages/4a_z.png	true	false	false	70676	71456
56996	27	mix	VkRg	2	76	A	rimages/6a_z.png	false	true	false	71460	73576
56997	27	mix	VkRg	2	77	A	rimages/4b_z.png	true	false	false	73580	75024
56998	27	mix	VkRg	2	78	A	rimages/4a_z.png	true	true	true	75028	76112
56999	27	mix	VkRg	2	79	A	rimages/3d_z.png	false	false	true	76115	77744
57000	27	mix	VkRg	2	80	A	rimages/5e_z.png	false	false	true	77751	78432
57001	27	mix	VkRg	2	81	A	rimages/3a_z.png	false	false	true	78435	79248
57002	27	mix	VkRg	2	82	A	rimages/5e_z.png	false	false	true	79251	79992
57003	27	mix	VkRg	2	83	A	rimages/6c_z.png	true	true	true	79995	80696
57004	27	mix	VkRg	2	84	A	rimages/4e_z.png	false	false	true	80703	82240
57005	27	mix	VkRg	2	85	A	rimages/4a_z.png	true	true	true	82243	82872
57006	27	mix	VkRg	2	86	A	rimages/5e_z.png	false	false	true	82876	83545
57007	27	mix	VkRg	2	87	A	rimages/5c_z.png	false	false	true	83548	85104
57008	27	mix	VkRg	2	88	A	rimages/5e_z.png	false	false	true	85108	85720
57009	27	mix	VkRg	2	89	A	rimages/4b_z.png	true	true	true	85727	86497
57010	27	mix	VkRg	2	90	A	rimages/6c_z.png	true	true	true	86501	87248
57011	27	mix	VkRg	2	91	A	rimages/4b_z.png	true	false	false	87251	88072
57012	27	mix	VkRg	2	92	A	rimages/6d_z.png	false	false	true	88075	89408
57013	27	mix	VkRg	2	93	A	rimages/6b_z.png	false	false	true	89411	90008
57014	27	mix	VkRg	2	94	A	rimages/6e_z.png	false	false	true	90011	90664
57015	27	mix	VkRg	2	95	A	rimages/3e_z.png	false	true	false	90667	91776
57016	27	mix	VkRg	2	96	A	rimages/3b_z.png	false	false	true	91779	92864
57017	27	mix	VkRg	2	97	A	rimages/4a_z.png	true	true	true	92867	94544
57018	27	mix	VkRg	2	98	A	rimages/5c_z.png	false	false	true	94547	96760
57019	27	mix	VkRg	2	99	A	rimages/4b_z.png	true	true	true	96763	97600
57020	27	mix	VkRg	2	100	A	rimages/5e_z.png	false	false	true	97607	98528
57021	27	mix	VkRg	2	101	B	6  8	true	true	true	51348	100232
57022	27	mix	VkRg	2	102	B	2  4	true	true	true	100236	100848
57023	27	mix	VkRg	2	103	B	5  6	false	false	true	100852	101474
57024	27	mix	VkRg	2	104	B	4  7	false	false	true	101477	102976
57025	27	mix	VkRg	2	105	B	2  9	false	false	true	102979	103752
57026	27	mix	VkRg	2	106	B	3  5	true	true	true	103754	104439
57027	27	mix	VkRg	2	107	B	5  6	false	false	true	104443	105335
57028	27	mix	VkRg	2	108	B	2  9	false	false	true	105339	106455
57029	27	mix	VkRg	2	109	B	2  4	true	true	true	106458	107135
57030	27	mix	VkRg	2	110	B	3  5	true	true	true	107139	108167
57031	27	mix	VkRg	2	111	B	5  6	false	false	true	108174	108775
57032	27	mix	VkRg	2	112	B	4  7	false	false	true	108782	109639
57033	27	mix	VkRg	2	113	B	2  4	true	true	true	109642	110391
57034	27	mix	VkRg	2	114	B	2  9	false	false	true	110395	111191
57035	27	mix	VkRg	2	115	A	rimages/4a_z.png	true	false	false	98531	112023
57036	27	mix	VkRg	2	116	A	rimages/4e_z.png	false	false	true	112027	113207
57037	27	mix	VkRg	2	117	A	rimages/4b_z.png	true	true	true	113214	114215
57038	27	mix	VkRg	2	118	A	rimages/6c_z.png	true	false	false	114222	114903
57039	27	mix	VkRg	2	119	A	rimages/4a_z.png	true	true	true	114907	116079
57040	27	mix	VkRg	2	120	A	rimages/4b_z.png	true	true	true	116083	116959
57041	27	mix	VkRg	2	121	A	rimages/6c_z.png	true	true	true	116963	117535
57042	27	mix	VkRg	2	122	A	rimages/3a_z.png	false	false	true	117538	118679
57043	27	mix	VkRg	2	123	A	rimages/3e_z.png	false	false	true	118686	119759
192373	27	uni	UniR	2	1	A	rimages/3a_z.png	false	false	true	10	1503
192374	27	uni	UniR	2	2	B	images/39_50_k.jpg	false	false	true	10	1887
192375	27	uni	UniR	2	3	A	rimages/3c_z.png	false	false	true	1507	2479
192376	27	uni	UniR	2	4	B	images/13_50_k.jpg	false	false	true	1891	3631
192377	27	uni	UniR	2	5	B	images/1_50_R_k.jpg	true	true	true	3635	4263
192378	27	uni	UniR	2	6	A	rimages/5e_z.png	true	true	true	2483	5135
192379	27	uni	UniR	2	7	A	rimages/3b_z.png	false	false	true	5142	8311
192380	27	uni	UniR	2	8	A	rimages/6c_z.png	true	true	true	8315	9255
192381	27	uni	UniR	2	9	B	images/39_50_R_k.jpg	true	true	true	4267	10511
192382	27	uni	UniR	2	10	B	images/1_50_R_k.jpg	true	true	true	10514	11183
192383	27	uni	UniR	2	11	B	images/13_50_R_k.jpg	true	true	true	11187	11802
192384	27	uni	UniR	2	12	B	images/39_50_R_k.jpg	true	true	true	11805	12295
192385	27	uni	UniR	2	13	B	images/1_50_k.jpg	false	false	true	12298	12881
192386	27	uni	UniR	2	14	B	images/25_50_k.jpg	false	false	true	12885	13457
192387	27	uni	UniR	2	15	B	images/1_50_R_k.jpg	true	true	true	13461	14143
192388	27	uni	UniR	2	16	B	images/39_50_k.jpg	false	false	true	14146	15071
192389	27	uni	UniR	2	17	B	images/13_50_k.jpg	false	false	true	15074	15735
192390	27	uni	UniR	2	18	B	images/25_50_k.jpg	false	false	true	15738	16527
192391	27	uni	UniR	2	19	B	images/25_50_R_k.jpg	true	true	true	16530	17063
192392	27	uni	UniR	2	20	A	rimages/4c_z_2.png	false	false	true	9258	18271
192393	27	uni	UniR	2	21	A	rimages/3d_z.png	false	false	true	18274	18975
192394	27	uni	UniR	2	22	A	rimages/5e_z.png	true	true	true	18978	19751
192395	27	uni	UniR	2	23	A	rimages/3b_z.png	false	true	false	19754	20799
192396	27	uni	UniR	2	24	A	rimages/4a_z.png	true	true	true	20802	21634
192397	27	uni	UniR	2	25	A	rimages/6c_z.png	true	true	true	21637	22311
192398	27	uni	UniR	2	26	A	rimages/3e_z.png	false	false	true	22315	23407
192399	27	uni	UniR	2	27	A	rimages/4a_z.png	true	true	true	23410	24127
192400	27	uni	UniR	2	28	A	rimages/6c_z.png	true	true	true	24131	24951
192401	27	uni	UniR	2	29	A	rimages/5e_z.png	true	true	true	24954	25719
192402	27	uni	UniR	2	30	A	rimages/4a_z.png	true	true	true	25726	26928
192403	27	uni	UniR	2	31	A	rimages/3d_z.png	false	false	true	26932	27775
192404	27	uni	UniR	2	32	A	rimages/4b_z.png	false	false	true	27779	30503
192405	27	uni	UniR	2	33	A	rimages/5a_z.png	false	false	true	30506	33495
192406	27	uni	UniR	2	34	A	rimages/3d_z.png	false	false	true	33502	34057
192407	27	uni	UniR	2	35	A	rimages/4b_z.png	false	false	true	34061	35039
192408	27	uni	UniR	2	36	A	rimages/6c_z.png	true	true	true	35043	35863
192409	27	uni	UniR	2	37	A	rimages/5e_z.png	true	true	true	35867	36727
192410	27	uni	UniR	2	38	A	rimages/4c_z_2.png	false	false	true	36730	37335
192411	27	uni	UniR	2	39	A	rimages/6e_z.png	false	false	true	37338	38305
192412	27	uni	UniR	2	40	A	rimages/6c_z.png	true	false	false	38309	38895
192413	27	uni	UniR	2	41	A	rimages/4e_z.png	false	false	true	38902	39631
192414	27	uni	UniR	2	42	A	rimages/3b_z.png	false	false	true	39634	40527
192415	27	uni	UniR	2	43	A	rimages/5e_z.png	true	true	true	40530	41119
192416	27	uni	UniR	2	44	A	rimages/4a_z.png	true	true	true	41122	41855
192417	27	uni	UniR	2	45	A	rimages/6c_z.png	true	true	true	41859	42487
192418	27	uni	UniR	2	46	A	rimages/5e_z.png	true	true	true	42491	43849
192419	27	uni	UniR	2	47	A	rimages/6c_z.png	true	true	true	43852	44543
192420	27	uni	UniR	2	48	A	rimages/3e_z.png	false	false	true	44546	45599
192421	27	uni	UniR	2	49	A	rimages/5e_z.png	true	true	true	45602	46287
192422	27	uni	UniR	2	50	A	rimages/6c_z.png	true	true	true	46291	47183
192423	27	uni	UniR	2	51	A	rimages/3a_z.png	false	false	true	47186	47895
192424	27	uni	UniR	2	52	A	rimages/5e_z.png	true	true	true	47898	48647
192425	27	uni	UniR	2	53	A	rimages/3b_z.png	false	false	true	48650	49823
192426	27	uni	UniR	2	54	A	rimages/6b_z.png	false	false	true	49825	50647
192427	27	uni	UniR	2	55	A	rimages/4c_z_2.png	false	false	true	50650	51255
192428	27	uni	UniR	2	56	A	rimages/5a_z.png	false	false	true	51258	52183
192429	27	uni	UniR	2	57	A	rimages/4a_z.png	true	true	true	52188	52855
192430	27	uni	UniR	2	58	A	rimages/3e_z.png	false	false	true	52862	53751
192431	27	uni	UniR	2	59	A	rimages/6c_z.png	true	true	true	53758	54479
192432	27	uni	UniR	2	60	A	rimages/4e_z.png	false	false	true	54483	55183
192433	27	uni	UniR	2	61	A	rimages/6d_z.png	false	false	true	55186	56223
192434	27	uni	UniR	2	62	B	images/13_50_k.jpg	false	false	true	17067	57543
192435	27	uni	UniR	2	63	B	images/39_50_R_k.jpg	true	true	true	57546	58113
192436	27	uni	UniR	2	64	B	images/13_50_R_k.jpg	true	true	true	58116	58654
192437	27	uni	UniR	2	65	B	images/25_50_k.jpg	false	false	true	58658	59214
192438	27	uni	UniR	2	66	B	images/13_50_k.jpg	false	false	true	59219	59769
192439	27	uni	UniR	2	67	B	images/25_50_k.jpg	false	false	true	59773	60351
192440	27	uni	UniR	2	68	B	images/25_50_R_k.jpg	true	false	false	60354	60862
192441	27	uni	UniR	2	69	B	images/1_50_R_k.jpg	true	true	true	60866	61542
192442	27	uni	UniR	2	70	B	images/39_50_k.jpg	false	false	true	61546	62102
192443	27	uni	UniR	2	71	B	images/39_50_R_k.jpg	true	true	true	62106	62561
192444	27	uni	UniR	2	72	B	images/13_50_R_k.jpg	true	true	true	62567	63183
192445	27	uni	UniR	2	73	B	images/1_50_R_k.jpg	true	true	true	63186	63918
192446	27	uni	UniR	2	74	B	images/1_50_k.jpg	false	false	true	63922	64510
192447	27	uni	UniR	2	75	B	images/39_50_k.jpg	false	false	true	64514	65158
192448	27	uni	UniR	2	76	B	images/39_50_R_k.jpg	true	true	true	65162	65662
192449	27	uni	UniR	2	77	B	images/25_50_k.jpg	false	false	true	65666	66222
192450	27	uni	UniR	2	78	B	images/13_50_k.jpg	false	false	true	66226	66846
192451	27	uni	UniR	2	79	B	images/13_50_R_k.jpg	true	true	true	66851	67286
192452	27	uni	UniR	2	80	B	images/39_50_R_k.jpg	true	true	true	67289	67910
192453	27	uni	UniR	2	81	B	images/25_50_R_k.jpg	true	true	true	67918	68710
192454	27	uni	UniR	2	82	B	images/13_50_R_k.jpg	true	true	true	68716	69278
192455	27	uni	UniR	2	83	B	images/25_50_k.jpg	false	false	true	69282	69838
192456	27	uni	UniR	2	84	B	images/1_50_k.jpg	false	false	true	69845	70462
192457	27	uni	UniR	2	85	B	images/39_50_R_k.jpg	true	true	true	70466	71086
192458	27	uni	UniR	2	86	B	images/39_50_k.jpg	false	false	true	71090	71598
192459	27	uni	UniR	2	87	B	images/1_50_R_k.jpg	true	true	true	71602	72031
192460	27	uni	UniR	2	88	B	images/13_50_R_k.jpg	true	true	true	72034	72806
192461	27	uni	UniR	2	89	B	images/25_50_R_k.jpg	true	true	true	72809	73502
192462	27	uni	UniR	2	90	B	images/1_50_k.jpg	false	false	true	73506	74118
192463	27	uni	UniR	2	91	B	images/1_50_R_k.jpg	true	true	true	74121	74598
192464	27	uni	UniR	2	92	B	images/25_50_R_k.jpg	true	true	true	74601	75247
192465	27	uni	UniR	2	93	B	images/13_50_R_k.jpg	true	true	true	75250	75847
192466	27	uni	UniR	2	94	B	images/13_50_k.jpg	false	false	true	75849	76542
192467	27	uni	UniR	2	95	B	images/25_50_k.jpg	false	false	true	76546	77006
192468	27	uni	UniR	2	96	B	images/25_50_R_k.jpg	true	true	true	77009	77566
192469	27	uni	UniR	2	97	B	images/13_50_R_k.jpg	true	true	true	77570	78206
192470	27	uni	UniR	2	98	B	images/1_50_R_k.jpg	true	true	true	78209	78782
192471	27	uni	UniR	2	99	B	images/1_50_k.jpg	false	false	true	78785	79230
192472	27	uni	UniR	2	100	B	images/39_50_k.jpg	false	false	true	79233	79838
192473	27	uni	UniR	2	101	B	images/39_50_R_k.jpg	true	true	true	79842	80366
192474	27	uni	UniR	2	102	B	images/13_50_R_k.jpg	true	true	true	80369	80950
192475	27	uni	UniR	2	103	B	images/39_50_R_k.jpg	true	true	true	80954	81798
192476	27	uni	UniR	2	104	A	rimages/5e_z.png	true	true	true	56226	82358
192477	27	uni	UniR	2	105	A	rimages/4b_z.png	false	false	true	82363	83198
192478	27	uni	UniR	2	106	A	rimages/4a_z.png	true	true	true	83201	83792
192479	27	uni	UniR	2	107	A	rimages/5e_z.png	true	true	true	83795	84350
192480	27	uni	UniR	2	108	A	rimages/4a_z.png	true	true	true	84354	85088
192481	27	uni	UniR	2	109	A	rimages/5a_z.png	false	false	true	85092	85686
192482	27	uni	UniR	2	110	A	rimages/3a_z.png	false	false	true	85690	86384
192483	27	uni	UniR	2	111	A	rimages/5e_z.png	true	true	true	86387	87110
192484	27	uni	UniR	2	112	A	rimages/5a_z.png	false	false	true	87113	88046
192485	27	uni	UniR	2	113	A	rimages/6c_z.png	true	true	true	88049	88750
192486	27	uni	UniR	2	114	A	rimages/4e_z.png	false	false	true	88753	89374
192487	27	uni	UniR	2	115	A	rimages/5e_z.png	true	false	false	89378	89974
192488	27	uni	UniR	2	116	A	rimages/6c_z.png	true	true	true	89978	90742
192489	27	uni	UniR	2	117	A	rimages/4a_z.png	true	true	true	90745	91302
192490	27	uni	UniR	2	118	A	rimages/3e_z.png	false	false	true	91306	91928
192491	27	uni	UniR	2	119	A	rimages/6e_z.png	false	true	false	91932	92526
192492	27	uni	UniR	2	120	A	rimages/6a_z.png	false	false	true	92530	93830
192493	27	uni	UniR	2	121	A	rimages/4b_z.png	false	false	true	93833	94503
192494	27	uni	UniR	2	122	A	rimages/4e_z.png	false	false	true	94507	95223
192495	27	uni	UniR	2	123	A	rimages/5e_z.png	true	true	true	95227	95878
192496	27	uni	UniR	2	124	A	rimages/6c_z.png	true	true	true	95881	96694
192497	27	uni	UniR	2	125	A	rimages/4a_z.png	true	true	true	96697	97406
192498	27	uni	UniR	2	126	A	rimages/3e_z.png	false	false	true	97411	98022
192499	27	uni	UniR	2	127	A	rimages/4c_z_2.png	false	false	true	98025	98566
192500	27	uni	UniR	2	128	A	rimages/6c_z.png	true	false	false	98569	99294
192501	27	uni	UniR	2	129	A	rimages/5e_z.png	true	true	true	99297	99926
192502	27	uni	UniR	2	130	A	rimages/4a_z.png	true	true	true	99929	100710
192503	27	uni	UniR	2	131	A	rimages/6b_z.png	false	false	true	100717	101718
192504	27	uni	UniR	2	132	A	rimages/6e_z.png	false	false	true	101725	102222
192505	27	uni	UniR	2	133	A	rimages/6c_z.png	true	false	false	102229	102718
192506	27	uni	UniR	2	134	A	rimages/3d_z.png	false	false	true	102722	103390
192507	27	uni	UniR	2	135	A	rimages/5a_z.png	false	false	true	103393	104080
192508	27	uni	UniR	2	136	A	rimages/4a_z.png	true	true	true	104083	104766
192509	27	uni	UniR	2	137	A	rimages/5e_z.png	true	true	true	104770	105446
192510	27	uni	UniR	2	138	A	rimages/6c_z.png	true	true	true	105453	106270
192511	27	uni	UniR	2	139	A	rimages/4e_z.png	false	false	true	106273	106910
192512	27	uni	UniR	2	140	A	rimages/5e_z.png	true	true	true	106913	107521
192513	27	uni	UniR	2	141	A	rimages/4a_z.png	true	true	true	107525	108182
192514	27	uni	UniR	2	142	A	rimages/6c_z.png	true	true	true	108189	108870
192515	27	uni	UniR	2	143	A	rimages/5e_z.png	true	true	true	108874	109582
192516	27	uni	UniR	2	144	A	rimages/4a_z.png	true	true	true	109586	110262
192517	27	uni	UniR	2	145	A	rimages/4d_z.png	false	false	true	110266	111942
192518	27	uni	UniR	2	146	A	rimages/5a_z.png	false	false	true	111945	112726
192519	27	uni	UniR	2	147	A	rimages/4e_z.png	false	false	true	112729	113462
192520	27	uni	UniR	2	148	A	rimages/6b_z.png	false	false	true	113466	114150
192521	27	uni	UniR	2	149	A	rimages/6e_z.png	false	false	true	114157	114774
192522	27	uni	UniR	2	150	A	rimages/6c_z.png	true	true	true	114777	115559
192523	27	uni	UniR	2	151	A	rimages/4a_z.png	true	true	true	115562	116302
192524	27	uni	UniR	2	152	A	rimages/6c_z.png	true	true	true	116305	117062
192525	27	uni	UniR	2	153	B	images/1_50_k.jpg	false	false	true	81801	118478
192526	27	uni	UniR	2	154	B	images/1_50_R_k.jpg	true	true	true	118482	119134
192527	27	uni	UniR	2	155	B	images/39_50_R_k.jpg	true	true	true	119137	119646
192528	27	uni	UniV	2	1	A	Y  G	true	true	true	10	2618
192529	27	uni	UniV	2	2	B	6  8	true	true	true	10	3025
192530	27	uni	UniV	2	3	A	Y  H	false	false	true	2621	3849
192531	27	uni	UniV	2	4	B	3  5	true	true	true	3028	5139
192532	27	uni	UniV	2	5	B	4  7	false	false	true	5142	5897
192533	27	uni	UniV	2	6	B	2  4	true	true	true	5900	6521
192534	27	uni	UniV	2	7	B	3  8	false	false	true	6528	7442
192535	27	uni	UniV	2	8	B	3  5	true	true	true	7445	8193
192536	27	uni	UniV	2	9	B	2  9	false	false	true	8196	8721
192537	27	uni	UniV	2	10	B	3  8	false	false	true	8724	9289
192538	27	uni	UniV	2	11	B	2  4	true	true	true	9292	9905
192539	27	uni	UniV	2	12	B	5  6	false	false	true	9912	10489
192540	27	uni	UniV	2	13	B	2  9	false	true	false	10492	11057
192541	27	uni	UniV	2	14	B	3  8	false	true	false	11064	11690
192542	27	uni	UniV	2	15	B	3  5	true	true	true	11694	12305
192543	27	uni	UniV	2	16	B	4  7	false	false	true	12308	12833
192544	27	uni	UniV	2	17	B	3  8	false	false	true	12837	13385
192545	27	uni	UniV	2	18	B	7  9	true	true	true	13388	13857
192546	27	uni	UniV	2	19	B	5  6	false	false	true	13860	14433
192547	27	uni	UniV	2	20	B	2  9	false	false	true	14437	15313
192548	27	uni	UniV	2	21	B	5  6	false	false	true	15316	15913
192549	27	uni	UniV	2	22	B	2  4	true	true	true	15916	16529
192550	27	uni	UniV	2	23	B	6  8	true	true	true	16536	17209
192551	27	uni	UniV	2	24	B	3  8	false	false	true	17212	17811
192552	27	uni	UniV	2	25	B	2  9	false	false	true	17814	18625
192553	27	uni	UniV	2	26	B	3  5	true	true	true	18628	19145
192554	27	uni	UniV	2	27	A	F  R	false	false	true	3853	20433
192555	27	uni	UniV	2	28	A	W  R	true	true	true	20437	22705
192556	27	uni	UniV	2	29	A	V  W	false	false	true	22712	23817
192557	27	uni	UniV	2	30	A	G  Y	true	true	true	23820	24361
192558	27	uni	UniV	2	31	A	G  T	false	false	true	24368	24873
192559	27	uni	UniV	2	32	A	W  R	true	false	false	24876	25417
192560	27	uni	UniV	2	33	A	S  R	false	false	true	25420	26353
192561	27	uni	UniV	2	34	A	Y  M	false	false	true	26356	27257
192562	27	uni	UniV	2	35	A	G  C	false	false	true	27260	27761
192563	27	uni	UniV	2	36	A	G  S	false	false	true	27765	28185
192564	27	uni	UniV	2	37	A	R  W	true	true	true	28188	28833
192565	27	uni	UniV	2	38	A	G  P	false	false	true	28836	29409
192566	27	uni	UniV	2	39	A	G  D	false	false	true	29413	30041
192567	27	uni	UniV	2	40	A	G  Y	true	true	true	30044	30585
192568	27	uni	UniV	2	41	A	W  P	false	false	true	30588	31105
192569	27	uni	UniV	2	42	A	R  W	true	true	true	31108	31857
192570	27	uni	UniV	2	43	A	R  D	false	false	true	31860	32401
192571	27	uni	UniV	2	44	A	G  Y	true	false	false	32404	32905
192572	27	uni	UniV	2	45	A	R  W	true	true	true	32908	33625
192573	27	uni	UniV	2	46	A	G  Y	true	true	true	33629	34129
192574	27	uni	UniV	2	47	A	W  R	true	true	true	34132	35081
192575	27	uni	UniV	2	48	A	Y  G	true	true	true	35084	35993
192576	27	uni	UniV	2	49	A	Y  C	false	false	true	36000	37137
192577	27	uni	UniV	2	50	A	G  T	false	false	true	37144	38114
192578	27	uni	UniV	2	51	A	P  G	false	false	true	38117	38721
192579	27	uni	UniV	2	52	A	Y  J	false	false	true	38728	39337
192580	27	uni	UniV	2	53	A	L  W	false	false	true	39340	39897
192581	27	uni	UniV	2	54	A	G  Y	true	false	false	39900	40529
192582	27	uni	UniV	2	55	A	W  R	true	true	true	40532	41177
192583	27	uni	UniV	2	56	A	G  Y	true	true	true	41180	41937
192584	27	uni	UniV	2	57	A	W  R	true	true	true	41940	42721
192585	27	uni	UniV	2	58	A	G  Y	true	true	true	42724	43337
192586	27	uni	UniV	2	59	A	H  R	false	false	true	43340	43963
192587	27	uni	UniV	2	60	A	Y  C	false	false	true	43966	44665
192588	27	uni	UniV	2	61	A	G  N	false	false	true	44668	45313
192589	27	uni	UniV	2	62	A	Y  G	true	true	true	45316	46267
192590	27	uni	UniV	2	63	A	R  K	false	false	true	46270	46937
192591	27	uni	UniV	2	64	A	G  Y	true	true	true	46940	48201
192592	27	uni	UniV	2	65	A	P  W	false	false	true	48204	48929
192593	27	uni	UniV	2	66	A	B  R	false	false	true	48932	49497
192594	27	uni	UniV	2	67	A	G  X	false	false	true	49500	50209
192595	27	uni	UniV	2	68	A	R  W	true	true	true	50215	50769
192596	27	uni	UniV	2	69	A	W  R	true	false	false	50773	51281
192597	27	uni	UniV	2	70	A	Y  G	true	true	true	51284	52105
192598	27	uni	UniV	2	71	A	Y  T	false	false	true	52108	52713
192599	27	uni	UniV	2	72	A	W  R	true	true	true	52719	53369
192600	27	uni	UniV	2	73	A	R  W	true	false	false	53373	53889
192601	27	uni	UniV	2	74	A	V  W	false	true	false	53892	54529
192602	27	uni	UniV	2	75	A	N  R	false	false	true	54532	55569
192603	27	uni	UniV	2	76	A	Y  G	true	true	true	55572	56161
192604	27	uni	UniV	2	77	A	Y  N	false	false	true	56164	56721
192605	27	uni	UniV	2	78	A	W  F	false	false	true	56724	57921
192606	27	uni	UniV	2	79	A	R  W	true	true	true	57925	58497
192607	27	uni	UniV	2	80	A	Y  G	true	false	false	58500	59249
192608	27	uni	UniV	2	81	A	W  R	true	true	true	59252	60985
192609	27	uni	UniV	2	82	A	G  Y	true	true	true	60988	61641
192610	27	uni	UniV	2	83	A	R  W	true	true	true	61643	62289
192611	27	uni	UniV	2	84	A	D  G	false	false	true	62292	62929
192612	27	uni	UniV	2	85	A	G  Y	true	true	true	62932	63593
192613	27	uni	UniV	2	86	A	G  L	false	false	true	63596	64449
192614	27	uni	UniV	2	87	A	Y  G	true	true	true	64453	65673
192615	27	uni	UniV	2	88	A	V  R	false	false	true	65675	66753
192616	27	uni	UniV	2	89	A	R  W	true	true	true	66756	67489
192617	27	uni	UniV	2	90	A	G  Y	true	true	true	67492	68401
192618	27	uni	UniV	2	91	B	3  8	false	false	true	19148	69609
192619	27	uni	UniV	2	92	B	4  7	false	false	true	69612	70209
192620	27	uni	UniV	2	93	B	5  6	false	false	true	70212	70721
192621	27	uni	UniV	2	94	B	3  8	false	false	true	70725	71249
192622	27	uni	UniV	2	95	B	2  4	true	true	true	71252	71745
192623	27	uni	UniV	2	96	B	5  6	false	false	true	71752	72337
192624	27	uni	UniV	2	97	B	4  7	false	false	true	72339	73176
192625	27	uni	UniV	2	98	B	5  6	false	false	true	73180	73928
192626	27	uni	UniV	2	99	B	4  7	false	false	true	73932	74440
192627	27	uni	UniV	2	100	B	3  5	true	true	true	74443	74984
192628	27	uni	UniV	2	101	B	2  9	false	false	true	74991	75592
192629	27	uni	UniV	2	102	B	7  9	true	true	true	75596	76272
192630	27	uni	UniV	2	103	B	3  5	true	true	true	76276	76872
192631	27	uni	UniV	2	104	B	7  9	true	true	true	76876	77528
192632	27	uni	UniV	2	105	B	5  6	false	false	true	77535	78120
192633	27	uni	UniV	2	106	B	2  9	false	false	true	78123	78632
192634	27	uni	UniV	2	107	B	3  5	true	true	true	78635	79160
192635	27	uni	UniV	2	108	B	6  8	true	true	true	79164	79824
192636	27	uni	UniV	2	109	B	3  8	false	false	true	79828	80424
192637	27	uni	UniV	2	110	B	2  4	true	true	true	80428	80945
192638	27	uni	UniV	2	111	B	5  6	false	false	true	80948	81448
192639	27	uni	UniV	2	112	B	3  8	false	false	true	81451	82145
192640	27	uni	UniV	2	113	B	5  6	false	false	true	82148	82632
192641	27	uni	UniV	2	114	B	3  8	false	false	true	82635	83136
192642	27	uni	UniV	2	115	B	6  8	true	true	true	83140	83640
192643	27	uni	UniV	2	116	B	5  6	false	false	true	83644	84088
192644	27	uni	UniV	2	117	B	2  4	true	true	true	84092	84504
192645	27	uni	UniV	2	118	B	4  7	false	false	true	84508	85168
192646	27	uni	UniV	2	119	B	2  9	false	false	true	85172	85744
192647	27	uni	UniV	2	120	B	6  8	true	true	true	85748	86560
192648	27	uni	UniV	2	121	B	5  6	false	false	true	86564	87064
192649	27	uni	UniV	2	122	B	7  9	true	true	true	87067	87640
192650	27	uni	UniV	2	123	B	6  8	true	false	false	87644	88161
192651	27	uni	UniV	2	124	B	3  5	true	true	true	88164	88856
192652	27	uni	UniV	2	125	B	2  4	true	true	true	88860	89440
192653	27	uni	UniV	2	126	B	7  9	true	true	true	89444	90144
192654	27	uni	UniV	2	127	B	4  7	false	false	true	90147	90856
192655	27	uni	UniV	2	128	B	2  4	true	true	true	90860	91482
192656	27	uni	UniV	2	129	B	5  6	false	false	true	91485	91969
192657	27	uni	UniV	2	130	B	6  8	true	true	true	91972	92617
192658	27	uni	UniV	2	131	B	3  5	true	true	true	92620	93448
192659	27	uni	UniV	2	132	B	4  7	false	false	true	93451	93985
192660	27	uni	UniV	2	133	B	3  8	false	false	true	93988	94704
192661	27	uni	UniV	2	134	B	4  7	false	false	true	94708	95224
192662	27	uni	UniV	2	135	B	6  8	true	false	false	95228	95768
192663	27	uni	UniV	2	136	B	2  4	true	true	true	95771	96400
192664	27	uni	UniV	2	137	B	7  9	true	true	true	96408	96912
192665	27	uni	UniV	2	138	B	5  6	false	false	true	96915	97538
192666	27	uni	UniV	2	139	B	2  4	true	true	true	97542	98080
192667	27	uni	UniV	2	140	B	2  9	false	false	true	98083	98800
192668	27	uni	UniV	2	141	B	7  9	true	true	true	98803	99320
192669	27	uni	UniV	2	142	B	2  4	true	true	true	99324	100080
192670	27	uni	UniV	2	143	B	5  6	false	false	true	100083	100904
192671	27	uni	UniV	2	144	B	3  5	true	true	true	100908	101409
192672	27	uni	UniV	2	145	B	2  9	false	false	true	101412	101960
192673	27	uni	UniV	2	146	B	4  7	false	false	true	101963	102664
192674	27	uni	UniV	2	147	B	7  9	true	true	true	102671	103040
192675	27	uni	UniV	2	148	B	5  6	false	false	true	103043	103888
192676	27	uni	UniV	2	149	B	3  8	false	false	true	103895	104505
192677	27	uni	UniV	2	150	B	6  8	true	true	true	104508	105032
192678	27	uni	UniV	2	151	B	3  5	true	true	true	105035	105776
192679	27	uni	UniV	2	152	B	2  4	true	true	true	105779	106376
192680	27	uni	UniV	2	153	B	3  5	true	true	true	106380	106960
192681	27	uni	UniV	2	154	B	2  9	false	true	false	106963	107592
192682	27	uni	UniV	2	155	B	3  8	false	false	true	107595	108552
192683	27	uni	UniV	2	156	B	4  7	false	false	true	108555	109072
192684	27	uni	UniV	2	157	B	7  9	true	true	true	109075	109656
192685	27	uni	UniV	2	158	B	6  8	true	true	true	109659	110432
192686	27	uni	UniV	2	159	B	3  5	true	true	true	110436	111080
192687	27	uni	UniV	2	160	B	7  9	true	true	true	111083	111696
192688	27	uni	UniV	2	161	B	3  5	true	true	true	111699	112256
192689	27	uni	UniV	2	162	B	5  6	false	false	true	112259	112776
192690	27	uni	UniV	2	163	A	H  Y	false	false	true	68404	113952
192691	27	uni	UniV	2	164	A	W  S	false	false	true	113955	114504
192692	27	uni	UniV	2	165	A	K  R	false	false	true	114507	115080
192693	27	uni	UniV	2	166	A	R  M	false	false	true	115084	115640
192694	27	uni	UniV	2	167	A	W  R	true	true	true	115643	116456
192695	27	uni	UniV	2	168	A	F  Y	false	false	true	116463	116968
192696	27	uni	UniV	2	169	A	Y  X	false	false	true	116971	117435
192697	27	uni	UniV	2	170	A	G  T	false	false	true	117438	117952
192698	27	uni	UniV	2	171	A	R  W	true	true	true	117959	118640
192699	27	uni	UniV	2	172	A	H  Y	false	false	true	118643	119056
192700	27	uni	UniV	2	173	A	Y  G	true	true	true	119059	119576
192701	27	uni	UniV	2	174	A	G  Y	true	false	false	119579	119976
193048	27	uni	UniR	2	1	A	rimages/5c_z.png	false	false	true	15	1953
193049	27	uni	UniR	2	2	B	images/1_50_R_k.jpg	true	true	true	15	2505
193050	27	uni	UniR	2	3	A	rimages/3a_z.png	true	true	true	1961	3121
193051	27	uni	UniR	2	4	A	rimages/6b_z.png	false	false	true	3125	3906
193052	27	uni	UniR	2	5	B	images/25_50_R_k.jpg	true	true	true	2509	4444
193053	27	uni	UniR	2	6	B	images/1_50_R_k.jpg	true	true	true	4447	5385
193054	27	uni	UniR	2	7	B	images/1_50_k.jpg	false	false	true	5389	6090
193055	27	uni	UniR	2	8	A	rimages/4d_z.png	true	true	true	3909	6665
193056	27	uni	UniR	2	9	A	rimages/3d_z.png	true	true	true	6669	7625
193057	27	uni	UniR	2	10	A	rimages/4d_z.png	true	true	true	7629	8425
193058	27	uni	UniR	2	11	A	rimages/3d_z.png	true	true	true	8429	9265
193059	27	uni	UniR	2	12	A	rimages/4e_z.png	false	false	true	9268	10465
193060	27	uni	UniR	2	13	B	images/39_50_R_k.jpg	true	true	true	6092	11841
193061	27	uni	UniR	2	14	B	images/25_50_k.jpg	false	false	true	11848	12586
193062	27	uni	UniR	2	15	B	images/1_50_R_k.jpg	true	true	true	12589	13297
193063	27	uni	UniR	2	16	B	images/1_50_k.jpg	false	false	true	13300	13899
193064	27	uni	UniR	2	17	B	images/13_50_R_k.jpg	true	true	true	13903	14465
193065	27	uni	UniR	2	18	B	images/39_50_k.jpg	false	false	true	14469	15113
193066	27	uni	UniR	2	19	B	images/39_50_R_k.jpg	true	true	true	15116	15633
193067	27	uni	UniR	2	20	B	images/1_50_R_k.jpg	true	true	true	15637	16289
193068	27	uni	UniR	2	21	B	images/13_50_R_k.jpg	true	true	true	16292	16834
193069	27	uni	UniR	2	22	B	images/25_50_R_k.jpg	true	true	true	16837	17681
193070	27	uni	UniR	2	23	B	images/1_50_R_k.jpg	true	true	true	17685	18420
193071	27	uni	UniR	2	24	B	images/13_50_k.jpg	false	false	true	18424	19169
193072	27	uni	UniR	2	25	A	rimages/4b_z.png	false	false	true	10469	20329
193073	27	uni	UniR	2	26	A	rimages/5a_z.png	false	false	true	20333	21057
193074	27	uni	UniR	2	27	A	rimages/6b_z.png	false	false	true	21060	21681
193075	27	uni	UniR	2	28	A	rimages/5c_z.png	false	false	true	21685	22362
193076	27	uni	UniR	2	29	A	rimages/4d_z.png	true	true	true	22366	23185
193077	27	uni	UniR	2	30	A	rimages/3b_z.png	false	false	true	23188	23913
193078	27	uni	UniR	2	31	A	rimages/4b_z.png	false	false	true	23917	24857
193079	27	uni	UniR	2	32	A	rimages/3e_z.png	false	false	true	24860	25577
193080	27	uni	UniR	2	33	A	rimages/5c_z.png	false	false	true	25581	26401
193081	27	uni	UniR	2	34	A	rimages/3a_z.png	true	true	true	26404	27115
193082	27	uni	UniR	2	35	A	rimages/4d_z.png	true	false	false	27118	27817
193083	27	uni	UniR	2	36	A	rimages/3d_z.png	true	true	true	27820	29177
193084	27	uni	UniR	2	37	A	rimages/4a_z.png	false	false	true	29181	30067
193085	27	uni	UniR	2	38	A	rimages/4d_z.png	true	true	true	30070	30761
193086	27	uni	UniR	2	39	A	rimages/3a_z.png	true	true	true	30765	32201
193087	27	uni	UniR	2	40	A	rimages/3e_z.png	false	false	true	32204	33041
193088	27	uni	UniR	2	41	A	rimages/4d_z.png	true	true	true	33045	33905
193089	27	uni	UniR	2	42	A	rimages/4b_z.png	false	false	true	33908	34785
193090	27	uni	UniR	2	43	B	images/25_50_k.jpg	false	false	true	19172	36001
193091	27	uni	UniR	2	44	B	images/13_50_R_k.jpg	true	true	true	36004	36601
193092	27	uni	UniR	2	45	B	images/39_50_R_k.jpg	true	true	true	36605	37169
193093	27	uni	UniR	2	46	B	images/39_50_k.jpg	false	false	true	37172	37681
193094	27	uni	UniR	2	47	B	images/25_50_k.jpg	false	false	true	37684	38329
193095	27	uni	UniR	2	48	B	images/39_50_k.jpg	false	false	true	38333	38857
193096	27	uni	UniR	2	49	B	images/1_50_R_k.jpg	true	true	true	38861	39401
193097	27	uni	UniR	2	50	B	images/25_50_R_k.jpg	true	true	true	39405	40075
193098	27	uni	UniR	2	51	B	images/1_50_R_k.jpg	true	true	true	40079	40697
193099	27	uni	UniR	2	52	B	images/25_50_R_k.jpg	true	true	true	40700	41265
193100	27	uni	UniR	2	53	B	images/1_50_k.jpg	false	false	true	41268	41930
193101	27	uni	UniR	2	54	B	images/39_50_k.jpg	false	false	true	41933	42513
193102	27	uni	UniR	2	55	B	images/25_50_k.jpg	false	false	true	42516	43041
193103	27	uni	UniR	2	56	B	images/39_50_k.jpg	false	false	true	43048	43537
193104	27	uni	UniR	2	57	B	images/25_50_k.jpg	false	false	true	43540	43953
193105	27	uni	UniR	2	58	B	images/13_50_R_k.jpg	true	true	true	43956	44433
193106	27	uni	UniR	2	59	B	images/39_50_k.jpg	false	false	true	44436	45001
193107	27	uni	UniR	2	60	B	images/1_50_k.jpg	false	false	true	45004	45505
193108	27	uni	UniR	2	61	B	images/39_50_k.jpg	false	false	true	45509	45953
193109	27	uni	UniR	2	62	B	images/1_50_k.jpg	false	false	true	45956	46411
193110	27	uni	UniR	2	63	B	images/25_50_R_k.jpg	true	false	false	46415	46857
193111	27	uni	UniR	2	64	B	images/13_50_R_k.jpg	true	true	true	46864	47577
193112	27	uni	UniR	2	65	B	images/39_50_k.jpg	false	false	true	47580	48145
193113	27	uni	UniR	2	66	B	images/1_50_k.jpg	false	false	true	48148	48793
193114	27	uni	UniR	2	67	B	images/39_50_R_k.jpg	true	true	true	48796	49241
193115	27	uni	UniR	2	68	B	images/25_50_R_k.jpg	true	true	true	49244	49985
193116	27	uni	UniR	2	69	B	images/13_50_k.jpg	false	false	true	49988	50649
193117	27	uni	UniR	2	70	B	images/39_50_k.jpg	false	false	true	50652	51321
193118	27	uni	UniR	2	71	B	images/39_50_R_k.jpg	true	true	true	51325	51921
193119	27	uni	UniR	2	72	A	rimages/3e_z.png	false	false	true	34788	52553
193120	27	uni	UniR	2	73	A	rimages/3d_z.png	true	true	true	52557	53577
193121	27	uni	UniR	2	74	A	rimages/4c_z_2.png	false	false	true	53583	54297
193122	27	uni	UniR	2	75	A	rimages/4d_z.png	true	true	true	54304	54945
193123	27	uni	UniR	2	76	A	rimages/3e_z.png	false	false	true	54951	55529
193124	27	uni	UniR	2	77	A	rimages/3d_z.png	true	true	true	55532	56041
193125	27	uni	UniR	2	78	A	rimages/4c_z_2.png	false	false	true	56043	56665
193126	27	uni	UniR	2	79	A	rimages/3a_z.png	true	true	true	56668	57625
193127	27	uni	UniR	2	80	A	rimages/5c_z.png	false	false	true	57628	58242
193128	27	uni	UniR	2	81	A	rimages/6c_z.png	false	false	true	58245	59265
193129	27	uni	UniR	2	82	A	rimages/4d_z.png	true	true	true	59272	59881
193130	27	uni	UniR	2	83	A	rimages/3d_z.png	true	true	true	59884	60753
193131	27	uni	UniR	2	84	A	rimages/3a_z.png	true	true	true	60756	61449
193132	27	uni	UniR	2	85	A	rimages/4d_z.png	true	false	false	61453	62274
193133	27	uni	UniR	2	86	A	rimages/3d_z.png	true	true	true	62277	63345
193134	27	uni	UniR	2	87	A	rimages/6a_z.png	false	false	true	63348	64281
193135	27	uni	UniR	2	88	A	rimages/4c_z_2.png	false	false	true	64284	64881
193136	27	uni	UniR	2	89	A	rimages/6e_z.png	false	false	true	64888	65865
193137	27	uni	UniR	2	90	A	rimages/4d_z.png	true	true	true	65869	66545
193138	27	uni	UniR	2	91	A	rimages/5c_z.png	false	false	true	66548	67345
193139	27	uni	UniR	2	92	A	rimages/4b_z.png	false	false	true	67348	67977
193140	27	uni	UniR	2	93	A	rimages/6a_z.png	false	false	true	67984	68673
193141	27	uni	UniR	2	94	A	rimages/3a_z.png	true	true	true	68676	69225
193142	27	uni	UniR	2	95	A	rimages/3d_z.png	true	true	true	69228	69953
193143	27	uni	UniR	2	96	A	rimages/4d_z.png	true	true	true	69956	70561
193144	27	uni	UniR	2	97	A	rimages/3a_z.png	true	true	true	70564	71441
193145	27	uni	UniR	2	98	A	rimages/3d_z.png	true	true	true	71444	72849
193146	27	uni	UniR	2	99	A	rimages/4b_z.png	false	false	true	72852	73657
193147	27	uni	UniR	2	100	A	rimages/4d_z.png	true	true	true	73660	74433
193148	27	uni	UniR	2	101	A	rimages/3a_z.png	true	true	true	74436	75665
193149	27	uni	UniR	2	102	A	rimages/4d_z.png	true	true	true	75672	76592
193150	27	uni	UniR	2	103	A	rimages/6d_z.png	false	false	true	76596	77233
193151	27	uni	UniR	2	104	A	rimages/3c_z.png	false	false	true	77239	78521
193152	27	uni	UniR	2	105	A	rimages/3d_z.png	true	true	true	78524	79049
193153	27	uni	UniR	2	106	A	rimages/3a_z.png	true	true	true	79051	79857
193154	27	uni	UniR	2	107	A	rimages/3d_z.png	true	true	true	79860	80841
193155	27	uni	UniR	2	108	A	rimages/3a_z.png	true	true	true	80844	81760
193156	27	uni	UniR	2	109	A	rimages/4c_z_2.png	false	true	false	81764	83240
193157	27	uni	UniR	2	110	A	rimages/6c_z.png	false	false	true	83244	84192
193158	27	uni	UniR	2	111	A	rimages/4d_z.png	true	true	true	84196	84856
193159	27	uni	UniR	2	112	A	rimages/3b_z.png	false	false	true	84860	85808
193160	27	uni	UniR	2	113	A	rimages/3a_z.png	true	true	true	85812	87216
193161	27	uni	UniR	2	114	A	rimages/3d_z.png	true	true	true	87220	87896
193162	27	uni	UniR	2	115	A	rimages/6d_z.png	false	false	true	87900	89128
193163	27	uni	UniR	2	116	A	rimages/4d_z.png	true	true	true	89131	89720
193164	27	uni	UniR	2	117	A	rimages/3a_z.png	true	true	true	89724	90824
193165	27	uni	UniR	2	118	B	images/25_50_R_k.jpg	true	true	true	51925	92288
193166	27	uni	UniR	2	119	B	images/1_50_k.jpg	false	false	true	92292	92800
193167	27	uni	UniR	2	120	B	images/25_50_k.jpg	false	false	true	92803	93745
193168	27	uni	UniR	2	121	B	images/39_50_R_k.jpg	true	true	true	93749	94152
193169	27	uni	UniR	2	122	B	images/13_50_k.jpg	false	false	true	94155	94688
193170	27	uni	UniR	2	123	B	images/1_50_R_k.jpg	true	true	true	94692	95312
193171	27	uni	UniR	2	124	B	images/1_50_k.jpg	false	false	true	95316	95809
193172	27	uni	UniR	2	125	B	images/13_50_R_k.jpg	true	true	true	95812	96312
193173	27	uni	UniR	2	126	B	images/39_50_R_k.jpg	true	true	true	96315	96856
193174	27	uni	UniR	2	127	B	images/25_50_k.jpg	false	false	true	96863	97363
193175	27	uni	UniR	2	128	B	images/25_50_R_k.jpg	true	true	true	97366	97816
193176	27	uni	UniR	2	129	B	images/39_50_k.jpg	false	false	true	97820	98416
193177	27	uni	UniR	2	130	B	images/1_50_k.jpg	false	false	true	98420	98896
193178	27	uni	UniR	2	131	B	images/39_50_R_k.jpg	true	true	true	98900	99361
193179	27	uni	UniR	2	132	B	images/25_50_k.jpg	false	false	true	99364	99920
193180	27	uni	UniR	2	133	B	images/13_50_k.jpg	false	false	true	99924	100416
193181	27	uni	UniR	2	134	B	images/25_50_R_k.jpg	true	true	true	100419	101024
193182	27	uni	UniR	2	135	B	images/13_50_R_k.jpg	true	true	true	101027	101720
193183	27	uni	UniR	2	136	B	images/1_50_R_k.jpg	true	false	false	101724	102184
193184	27	uni	UniR	2	137	B	images/39_50_R_k.jpg	true	true	true	102192	102817
193185	27	uni	UniR	2	138	B	images/1_50_k.jpg	false	false	true	102820	103408
193186	27	uni	UniR	2	139	B	images/25_50_R_k.jpg	true	true	true	103415	103832
193187	27	uni	UniR	2	140	B	images/13_50_R_k.jpg	true	true	true	103836	104344
193188	27	uni	UniR	2	141	B	images/39_50_R_k.jpg	true	true	true	104351	104833
193189	27	uni	UniR	2	142	B	images/1_50_R_k.jpg	true	true	true	104837	105672
193190	27	uni	UniR	2	143	B	images/13_50_k.jpg	false	false	true	105675	106384
193191	27	uni	UniR	2	144	B	images/25_50_R_k.jpg	true	true	true	106388	106872
193192	27	uni	UniR	2	145	B	images/1_50_k.jpg	false	false	true	106875	107400
193193	27	uni	UniR	2	146	B	images/1_50_R_k.jpg	true	true	true	107404	108080
193194	27	uni	UniR	2	147	B	images/25_50_k.jpg	false	false	true	108083	108584
193195	27	uni	UniR	2	148	B	images/13_50_k.jpg	false	false	true	108588	109088
193196	27	uni	UniR	2	149	B	images/1_50_k.jpg	false	false	true	109091	109560
193197	27	uni	UniR	2	150	B	images/13_50_R_k.jpg	true	true	true	109563	110056
193198	27	uni	UniR	2	151	B	images/39_50_R_k.jpg	true	true	true	110059	110665
193199	27	uni	UniR	2	152	B	images/25_50_k.jpg	false	false	true	110669	111144
193200	27	uni	UniR	2	153	B	images/39_50_k.jpg	false	false	true	111147	111760
193201	27	uni	UniR	2	154	B	images/25_50_k.jpg	false	false	true	111767	112306
193202	27	uni	UniR	2	155	B	images/13_50_R_k.jpg	true	true	true	112309	112816
193203	27	uni	UniR	2	156	B	images/39_50_R_k.jpg	true	true	true	112820	113424
193204	27	uni	UniR	2	157	B	images/1_50_R_k.jpg	true	true	true	113428	114144
193205	27	uni	UniR	2	158	B	images/13_50_k.jpg	false	false	true	114147	114816
193206	27	uni	UniR	2	159	B	images/39_50_R_k.jpg	true	true	true	114820	115208
193207	27	uni	UniR	2	160	B	images/25_50_k.jpg	false	false	true	115212	115744
193208	27	uni	UniR	2	161	B	images/13_50_R_k.jpg	true	false	false	115747	116064
193209	27	uni	UniR	2	162	B	images/39_50_R_k.jpg	true	true	true	116071	116626
193210	27	uni	UniR	2	163	B	images/1_50_R_k.jpg	true	true	true	116629	117280
193211	27	uni	UniR	2	164	B	images/39_50_R_k.jpg	true	true	true	117284	117850
193212	27	uni	UniR	2	165	B	images/1_50_k.jpg	false	false	true	117854	118632
193213	27	uni	UniR	2	166	B	images/1_50_R_k.jpg	true	false	false	118636	119074
193214	27	uni	UniR	2	167	B	images/39_50_k.jpg	false	false	true	119077	119856
193215	27	uni	UniV	2	1	B	3  8	false	false	true	8	1735
193216	27	uni	UniV	2	2	B	4  7	false	false	true	1738	2278
193217	27	uni	UniV	2	3	B	3  5	true	true	true	2281	2854
193218	27	uni	UniV	2	4	A	W  H	false	false	true	8	3686
193219	27	uni	UniV	2	5	A	S  Q	false	false	true	3689	4302
193220	27	uni	UniV	2	6	A	W  Q	true	true	true	4305	5302
193221	27	uni	UniV	2	7	A	M  W	false	false	true	5305	5894
193222	27	uni	UniV	2	8	A	D  K	false	false	true	5897	7086
193223	27	uni	UniV	2	9	A	D  T	true	true	true	7089	7582
193224	27	uni	UniV	2	10	A	W  Q	true	true	true	7585	8302
193225	27	uni	UniV	2	11	A	P  D	false	false	true	8305	8982
193226	27	uni	UniV	2	12	A	Q  W	true	true	true	8988	9750
193227	27	uni	UniV	2	13	A	D  B	false	false	true	9753	10230
193228	27	uni	UniV	2	14	A	D  P	false	false	true	10232	10694
193229	27	uni	UniV	2	15	A	N  T	false	false	true	10697	11206
193230	27	uni	UniV	2	16	A	W  Q	true	false	false	11209	11654
193231	27	uni	UniV	2	17	A	Q  W	true	true	true	11657	12518
193232	27	uni	UniV	2	18	A	D  T	true	true	true	12521	13261
193233	27	uni	UniV	2	19	A	T  D	true	true	true	13268	13878
193234	27	uni	UniV	2	20	A	Q  W	true	true	true	13881	14389
193235	27	uni	UniV	2	21	A	W  C	false	true	false	14393	15045
193236	27	uni	UniV	2	22	A	B  Q	false	false	true	15052	15877
193237	27	uni	UniV	2	23	A	X  Q	false	false	true	15880	16605
193238	27	uni	UniV	2	24	A	D  T	true	true	true	16609	17133
193239	27	uni	UniV	2	25	A	Y  T	false	false	true	17140	17749
193240	27	uni	UniV	2	26	A	Q  W	true	true	true	17753	18229
193241	27	uni	UniV	2	27	A	T  H	false	false	true	18232	18733
193242	27	uni	UniV	2	28	A	Q  V	false	false	true	18736	19390
193243	27	uni	UniV	2	29	A	P  W	false	false	true	19393	20021
193244	27	uni	UniV	2	30	A	J  W	false	false	true	20025	20509
193245	27	uni	UniV	2	31	A	H  T	false	false	true	20512	21061
193246	27	uni	UniV	2	32	A	T  D	true	true	true	21065	21645
193247	27	uni	UniV	2	33	A	F  W	false	false	true	21648	22077
193248	27	uni	UniV	2	34	A	M  W	false	false	true	22080	22549
193249	27	uni	UniV	2	35	A	Q  W	true	true	true	22552	23077
193250	27	uni	UniV	2	36	A	W  Q	true	true	true	23081	23853
193251	27	uni	UniV	2	37	A	G  Q	false	false	true	23857	24637
193252	27	uni	UniV	2	38	A	Q  W	true	false	false	24641	25093
193253	27	uni	UniV	2	39	A	W  Q	true	true	true	25097	25933
193254	27	uni	UniV	2	40	A	Q  W	true	true	true	25937	26573
193255	27	uni	UniV	2	41	A	T  D	true	true	true	26576	27213
193256	27	uni	UniV	2	42	A	Q  W	true	true	true	27220	27703
193257	27	uni	UniV	2	43	A	X  W	false	false	true	27707	28285
193258	27	uni	UniV	2	44	A	S  W	false	false	true	28289	28813
193259	27	uni	UniV	2	45	A	Q  Y	false	true	false	28816	29445
193260	27	uni	UniV	2	46	A	W  Q	true	true	true	29452	30549
193261	27	uni	UniV	2	47	A	D  T	true	true	true	30553	31375
193262	27	uni	UniV	2	48	A	T  D	true	false	false	31378	32013
193263	27	uni	UniV	2	49	A	D  L	false	false	true	32016	32485
193264	27	uni	UniV	2	50	A	Q  W	true	true	true	32489	33141
193265	27	uni	UniV	2	51	B	2  9	false	false	true	2857	34245
193266	27	uni	UniV	2	52	B	4  7	false	false	true	34248	34701
193267	27	uni	UniV	2	53	B	3  8	false	false	true	34704	35197
193268	27	uni	UniV	2	54	B	4  7	false	false	true	35201	35709
193269	27	uni	UniV	2	55	B	2  4	true	true	true	35712	36221
193270	27	uni	UniV	2	56	B	7  9	true	true	true	36224	36869
193271	27	uni	UniV	2	57	B	2  9	false	false	true	36872	37437
193272	27	uni	UniV	2	58	B	5  6	false	true	false	37440	37901
193273	27	uni	UniV	2	59	B	2  9	false	true	false	37904	38565
193274	27	uni	UniV	2	60	B	4  7	false	false	true	38569	39693
193275	27	uni	UniV	2	61	B	3  8	false	false	true	39696	40134
193276	27	uni	UniV	2	62	B	2  4	true	true	true	40137	40709
193277	27	uni	UniV	2	63	B	2  9	false	false	true	40712	41349
193278	27	uni	UniV	2	64	B	3  8	false	false	true	41353	41997
193279	27	uni	UniV	2	65	B	5  6	false	false	true	42001	42591
193280	27	uni	UniV	2	66	B	2  9	false	false	true	42594	43101
193281	27	uni	UniV	2	67	B	4  7	false	false	true	43104	43637
193282	27	uni	UniV	2	68	B	3  5	true	true	true	43640	44229
193283	27	uni	UniV	2	69	B	5  6	false	false	true	44233	44645
193284	27	uni	UniV	2	70	B	3  8	false	false	true	44649	45125
193285	27	uni	UniV	2	71	B	4  7	false	false	true	45132	45589
193286	27	uni	UniV	2	72	B	6  8	true	true	true	45592	46165
193287	27	uni	UniV	2	73	B	7  9	true	true	true	46168	46750
193288	27	uni	UniV	2	74	B	2  9	false	false	true	46753	47229
193289	27	uni	UniV	2	75	B	4  7	false	false	true	47233	47605
193290	27	uni	UniV	2	76	B	6  8	true	true	true	47608	48253
193291	27	uni	UniV	2	77	B	2  9	false	false	true	48256	48639
193292	27	uni	UniV	2	78	B	2  4	true	false	false	48642	49029
193293	27	uni	UniV	2	79	B	5  6	false	true	false	49032	49597
193294	27	uni	UniV	2	80	B	3  5	true	true	true	49600	50205
193295	27	uni	UniV	2	81	B	3  8	false	false	true	50208	50677
193296	27	uni	UniV	2	82	B	5  6	false	false	true	50681	51269
193297	27	uni	UniV	2	83	B	3  8	false	false	true	51272	51757
193298	27	uni	UniV	2	84	B	7  9	true	true	true	51760	52373
193299	27	uni	UniV	2	85	B	2  4	true	false	false	52376	52829
193300	27	uni	UniV	2	86	B	3  5	true	true	true	52836	53573
193301	27	uni	UniV	2	87	B	4  7	false	false	true	53576	54165
193302	27	uni	UniV	2	88	B	2  9	false	true	false	54169	54687
193303	27	uni	UniV	2	89	B	2  4	true	true	true	54691	55407
193304	27	uni	UniV	2	90	B	4  7	false	false	true	55411	55877
193305	27	uni	UniV	2	91	B	6  8	true	false	false	55880	56261
193306	27	uni	UniV	2	92	B	7  9	true	true	true	56264	56877
193307	27	uni	UniV	2	93	B	3  5	true	true	true	56880	57517
193308	27	uni	UniV	2	94	B	6  8	true	true	true	57520	58165
193309	27	uni	UniV	2	95	B	3  8	false	false	true	58169	58918
193310	27	uni	UniV	2	96	B	4  7	false	false	true	58921	59422
193311	27	uni	UniV	2	97	B	2  4	true	true	true	59425	60070
193312	27	uni	UniV	2	98	B	3  5	true	true	true	60073	60677
193313	27	uni	UniV	2	99	B	7  9	true	true	true	60680	61237
193314	27	uni	UniV	2	100	B	5  6	false	false	true	61244	61893
193315	27	uni	UniV	2	101	B	2  9	false	false	true	61896	62469
193316	27	uni	UniV	2	102	B	4  7	false	false	true	62472	63013
193317	27	uni	UniV	2	103	B	2  9	false	false	true	63016	63509
193318	27	uni	UniV	2	104	B	6  8	true	true	true	63512	64045
193319	27	uni	UniV	2	105	B	2  4	true	true	true	64048	64597
193320	27	uni	UniV	2	106	B	3  5	true	true	true	64600	65238
193321	27	uni	UniV	2	107	B	7  9	true	true	true	65242	65717
193322	27	uni	UniV	2	108	B	2  4	true	true	true	65720	66269
193323	27	uni	UniV	2	109	B	3  8	false	false	true	66272	66949
193324	27	uni	UniV	2	110	B	4  7	false	false	true	66952	67525
193325	27	uni	UniV	2	111	B	3  5	true	true	true	67528	68501
193326	27	uni	UniV	2	112	B	7  9	true	true	true	68508	69134
193327	27	uni	UniV	2	113	B	2  9	false	false	true	69138	69710
193328	27	uni	UniV	2	114	B	2  4	true	false	false	69713	70301
193329	27	uni	UniV	2	115	B	6  8	true	true	true	70309	70821
193330	27	uni	UniV	2	116	B	5  6	false	false	true	70825	71517
193331	27	uni	UniV	2	117	B	2  9	false	true	false	71520	72053
193332	27	uni	UniV	2	118	B	3  8	false	false	true	72057	73589
193333	27	uni	UniV	2	119	B	5  6	false	false	true	73592	74221
193334	27	uni	UniV	2	120	B	2  4	true	true	true	74224	74750
193335	27	uni	UniV	2	121	B	3  8	false	false	true	74754	75221
193336	27	uni	UniV	2	122	B	4  7	false	false	true	75224	75653
193337	27	uni	UniV	2	123	B	5  6	false	false	true	75656	76093
193338	27	uni	UniV	2	124	B	3  8	false	true	false	76096	76597
193339	27	uni	UniV	2	125	B	3  5	true	true	true	76600	77349
193340	27	uni	UniV	2	126	B	4  7	false	false	true	77352	77829
193341	27	uni	UniV	2	127	B	7  9	true	true	true	77832	78469
193342	27	uni	UniV	2	128	B	3  8	false	false	true	78472	78957
193343	27	uni	UniV	2	129	B	2  9	false	false	true	78960	79517
193344	27	uni	UniV	2	130	B	3  8	false	false	true	79521	80261
193345	27	uni	UniV	2	131	B	6  8	true	true	true	80264	80909
193346	27	uni	UniV	2	132	B	7  9	true	false	false	80912	81325
193347	27	uni	UniV	2	133	B	4  7	false	false	true	81328	82317
193348	27	uni	UniV	2	134	B	2  4	true	true	true	82320	82871
193349	27	uni	UniV	2	135	B	2  9	false	false	true	82874	83389
193350	27	uni	UniV	2	136	B	6  8	true	true	true	83395	83973
193351	27	uni	UniV	2	137	B	2  4	true	false	false	83976	84413
193352	27	uni	UniV	2	138	B	3  5	true	true	true	84416	85061
193353	27	uni	UniV	2	139	B	3  8	false	false	true	85064	85533
193354	27	uni	UniV	2	140	B	2  9	false	true	false	85540	86029
193355	27	uni	UniV	2	141	B	6  8	true	false	false	86032	86533
193356	27	uni	UniV	2	142	B	7  9	true	true	true	86536	87637
193357	27	uni	UniV	2	143	B	6  8	true	true	true	87640	88261
193358	27	uni	UniV	2	144	B	4  7	false	false	true	88264	88765
193359	27	uni	UniV	2	145	B	2  9	false	false	true	88768	89533
193360	27	uni	UniV	2	146	B	5  6	false	false	true	89540	90389
193361	27	uni	UniV	2	147	B	3  5	true	true	true	90391	90981
193362	27	uni	UniV	2	148	B	2  9	false	false	true	90984	91509
193363	27	uni	UniV	2	149	B	7  9	true	false	false	91512	92077
193364	27	uni	UniV	2	150	B	3  5	true	true	true	92080	92741
193365	27	uni	UniV	2	151	B	6  8	true	true	true	92744	93397
193366	27	uni	UniV	2	152	B	4  7	false	false	true	93400	93869
193367	27	uni	UniV	2	153	B	3  5	true	true	true	93871	94477
193368	27	uni	UniV	2	154	B	5  6	false	false	true	94480	94973
193369	27	uni	UniV	2	155	B	7  9	true	true	true	94977	95573
193370	27	uni	UniV	2	156	B	3  5	true	true	true	95576	96198
193371	27	uni	UniV	2	157	B	2  4	true	true	true	96202	96765
193372	27	uni	UniV	2	158	B	4  7	false	false	true	96768	97278
193373	27	uni	UniV	2	159	B	7  9	true	true	true	97282	97901
193374	27	uni	UniV	2	160	B	6  8	true	true	true	97904	98918
193375	27	uni	UniV	2	161	B	5  6	false	false	true	98921	99556
193376	27	uni	UniV	2	162	B	2  9	false	true	false	99560	100084
193377	27	uni	UniV	2	163	A	Q  Y	false	false	true	33144	103156
193378	27	uni	UniV	2	164	A	D  T	true	true	true	103160	103836
193379	27	uni	UniV	2	165	A	D  G	false	false	true	103840	104956
193380	27	uni	UniV	2	166	A	D  N	false	false	true	104960	105620
193381	27	uni	UniV	2	167	A	X  T	false	false	true	105624	106212
193382	27	uni	UniV	2	168	A	W  V	false	false	true	106215	107372
193383	27	uni	UniV	2	169	A	Y  D	false	false	true	107376	107924
193384	27	uni	UniV	2	170	A	W  Q	true	true	true	107928	108748
193385	27	uni	UniV	2	171	A	Q  W	true	true	true	108752	109452
193386	27	uni	UniV	2	172	A	W  Q	true	true	true	109456	110006
193387	27	uni	UniV	2	173	A	G  Q	false	true	false	110010	110604
193388	27	uni	UniV	2	174	A	Q  W	true	true	true	110608	111316
193389	27	uni	UniV	2	175	A	D  T	true	true	true	111323	112012
193390	27	uni	UniV	2	176	A	K  W	false	false	true	112015	113340
193391	27	uni	UniV	2	177	A	W  Q	true	true	true	113344	113884
193392	27	uni	UniV	2	178	A	N  W	false	false	true	113887	114470
193393	27	uni	UniV	2	179	A	T  N	false	false	true	114474	115004
193394	27	uni	UniV	2	180	A	Q  M	false	false	true	115008	115694
193395	27	uni	UniV	2	181	A	T  D	true	false	false	115698	116212
193396	27	uni	UniV	2	182	A	D  T	true	true	true	116215	116788
193397	27	uni	UniV	2	183	A	F  W	false	false	true	116792	117356
193398	27	uni	UniV	2	184	A	W  Q	true	true	true	117360	117884
193399	27	uni	UniV	2	185	A	R  W	false	false	true	117887	118404
193400	27	uni	UniV	2	186	A	Q  W	true	true	true	118408	119588
